,SCENE_ID,PRODUCT_ID,SPACECRAFT_ID,SENSOR_ID,DATE_ACQUIRED,COLLECTION_NUMBER,COLLECTION_CATEGORY,SENSING_TIME,DATA_TYPE,WRS_PATH,WRS_ROW,CLOUD_COVER,NORTH_LAT,SOUTH_LAT,WEST_LON,EAST_LON,TOTAL_SIZE,BASE_URL
6502515,LC80370382020269LGN00,LC08_L1TP_037038_20200925_20201006_01_T1,LANDSAT_8,OLI_TIRS,2020-09-25,1,T1,2020-09-25T18:04:42.2461660Z,L1TP,37,38,0.0,32.81957,30.64602,-114.18258999999999,-111.68175,1003553577,gs://gcp-public-data-landsat/LC08/01/037/038/LC08_L1TP_037038_20200925_20201006_01_T1
1650302,LC80370362020269LGN00,LC08_L1TP_037036_20200925_20201006_01_T1,LANDSAT_8,OLI_TIRS,2020-09-25,1,T1,2020-09-25T18:03:54.4598510Z,L1TP,37,36,0.0,35.678509999999996,33.52411,-113.42797,-110.85966,1043376690,gs://gcp-public-data-landsat/LC08/01/037/036/LC08_L1TP_037036_20200925_20201006_01_T1
3618573,LC80370372020269LGN00,LC08_L1TP_037037_20200925_20201006_01_T1,LANDSAT_8,OLI_TIRS,2020-09-25,1,T1,2020-09-25T18:04:18.3551270Z,L1TP,37,37,0.0,34.24988,32.08547,-113.80923,-111.27878999999999,1068901513,gs://gcp-public-data-landsat/LC08/01/037/037/LC08_L1TP_037037_20200925_20201006_01_T1
8657348,LC80360362020262LGN00,LC08_L1TP_036036_20200918_20201006_01_T1,LANDSAT_8,OLI_TIRS,2020-09-18,1,T1,2020-09-18T17:57:41.7889930Z,L1TP,36,36,0.15,35.65938,33.54112,-111.84738,-109.3055,991858532,gs://gcp-public-data-landsat/LC08/01/036/036/LC08_L1TP_036036_20200918_20201006_01_T1
3303834,LC80360372020262LGN00,LC08_L1TP_036037_20200918_20201006_01_T1,LANDSAT_8,OLI_TIRS,2020-09-18,1,T1,2020-09-18T17:58:05.6842680Z,L1TP,36,37,0.0,34.2224,32.1091,-112.23006000000001,-109.73195,1022231941,gs://gcp-public-data-landsat/LC08/01/036/037/LC08_L1TP_036037_20200918_20201006_01_T1
395632,LC80380362020260LGN00,LC08_L1TP_038036_20200916_20201006_01_T1,LANDSAT_8,OLI_TIRS,2020-09-16,1,T1,2020-09-16T18:10:02.8189150Z,L1TP,38,36,0.02,35.70281,33.49883,-115.00092,-112.37236000000001,1021447714,gs://gcp-public-data-landsat/LC08/01/038/036/LC08_L1TP_038036_20200916_20201006_01_T1
2848665,LC80370382020253LGN00,LC08_L1TP_037038_20200909_20200918_01_T1,LANDSAT_8,OLI_TIRS,2020-09-09,1,T1,2020-09-09T18:04:37.3744299Z,L1TP,37,38,0.17,32.819590000000005,30.64617,-114.17618999999999,-111.67862,1014211235,gs://gcp-public-data-landsat/LC08/01/037/038/LC08_L1TP_037038_20200909_20200918_01_T1
8730066,LC80370372020253LGN00,LC08_L1TP_037037_20200909_20200918_01_T1,LANDSAT_8,OLI_TIRS,2020-09-09,1,T1,2020-09-09T18:04:13.4791540Z,L1TP,37,37,0.0,34.2499,32.0856,-113.80272,-111.27243,1083481384,gs://gcp-public-data-landsat/LC08/01/037/037/LC08_L1TP_037037_20200909_20200918_01_T1
10208156,LC80370362020253LGN00,LC08_L1TP_037036_20200909_20200918_01_T1,LANDSAT_8,OLI_TIRS,2020-09-09,1,T1,2020-09-09T18:03:49.5838790Z,L1TP,37,36,0.01,35.6785,33.524229999999996,-113.42135,-110.85303,1048858677,gs://gcp-public-data-landsat/LC08/01/037/036/LC08_L1TP_037036_20200909_20200918_01_T1
547367,LC80360362020246LGN00,LC08_L1TP_036036_20200902_20200917_01_T1,LANDSAT_8,OLI_TIRS,2020-09-02,1,T1,2020-09-02T17:57:35.9849300Z,L1TP,36,36,0.01,35.65945,33.53828,-111.83743,-109.29556000000001,1038710324,gs://gcp-public-data-landsat/LC08/01/036/036/LC08_L1TP_036036_20200902_20200917_01_T1
6965139,LC80360372020246LGN00,LC08_L1TP_036037_20200902_20200903_01_T1,LANDSAT_8,OLI_TIRS,2020-09-02,1,T1,2020-09-02T17:57:59.8802060Z,L1TP,36,37,1.09,34.22247,32.10901,-112.22355,-109.72218000000001,1077591876,gs://gcp-public-data-landsat/LC08/01/036/037/LC08_L1TP_036037_20200902_20200903_01_T1
7544365,LC80360372020246LGN00,LC08_L1TP_036037_20200902_20200917_01_T1,LANDSAT_8,OLI_TIRS,2020-09-02,1,T1,2020-09-02T17:57:59.8802060Z,L1TP,36,37,1.09,34.22247,32.10901,-112.22355,-109.72218000000001,1077595255,gs://gcp-public-data-landsat/LC08/01/036/037/LC08_L1TP_036037_20200902_20200917_01_T1
3820569,LC80360362020246LGN00,LC08_L1TP_036036_20200902_20200903_01_T1,LANDSAT_8,OLI_TIRS,2020-09-02,1,T1,2020-09-02T17:57:35.9849300Z,L1TP,36,36,0.01,35.65945,33.53828,-111.83743,-109.29556000000001,1038705806,gs://gcp-public-data-landsat/LC08/01/036/036/LC08_L1TP_036036_20200902_20200903_01_T1
2811109,LC80380362020244LGN00,LC08_L1TP_038036_20200831_20200906_01_T1,LANDSAT_8,OLI_TIRS,2020-08-31,1,T1,2020-08-31T18:09:56.7478100Z,L1TP,38,36,3.16,35.70288,33.49913,-114.991,-112.3659,1068655666,gs://gcp-public-data-landsat/LC08/01/038/036/LC08_L1TP_038036_20200831_20200906_01_T1
5013784,LC80380372020244LGN00,LC08_L1TP_038037_20200831_20200906_01_T1,LANDSAT_8,OLI_TIRS,2020-08-31,1,T1,2020-08-31T18:10:20.6430860Z,L1TP,38,37,0.96,34.23506,32.10009,-115.29378,-112.80096999999999,1064163101,gs://gcp-public-data-landsat/LC08/01/038/037/LC08_L1TP_038037_20200831_20200906_01_T1
5865124,LC80370382020237LGN00,LC08_L1TP_037038_20200824_20200905_01_T1,LANDSAT_8,OLI_TIRS,2020-08-24,1,T1,2020-08-24T18:04:30.3592310Z,L1TP,37,38,0.01,32.81966,30.646390000000004,-114.16658999999999,-111.66609,967886869,gs://gcp-public-data-landsat/LC08/01/037/038/LC08_L1TP_037038_20200824_20200905_01_T1
400199,LC80370372020237LGN00,LC08_L1TP_037037_20200824_20200905_01_T1,LANDSAT_8,OLI_TIRS,2020-08-24,1,T1,2020-08-24T18:04:06.4639560Z,L1TP,37,37,0.01,34.24992,32.085809999999995,-113.79296000000001,-111.26288999999998,1033683753,gs://gcp-public-data-landsat/LC08/01/037/037/LC08_L1TP_037037_20200824_20200905_01_T1
8757991,LC80380372020228LGN00,LC08_L1TP_038037_20200815_20200822_01_T1,LANDSAT_8,OLI_TIRS,2020-08-15,1,T1,2020-08-15T18:10:12.4117789Z,L1TP,38,37,0.41,34.23488,32.09968,-115.28106000000001,-112.78799,1055659673,gs://gcp-public-data-landsat/LC08/01/038/037/LC08_L1TP_038037_20200815_20200822_01_T1
9592598,LC80380362020228LGN00,LC08_L1TP_038036_20200815_20200822_01_T1,LANDSAT_8,OLI_TIRS,2020-08-15,1,T1,2020-08-15T18:09:48.5207390Z,L1TP,38,36,0.02,35.70304,33.49954,-114.97778000000001,-112.35298,1058290395,gs://gcp-public-data-landsat/LC08/01/038/036/LC08_L1TP_038036_20200815_20200822_01_T1
516399,LC80370372020221LGN00,LC08_L1TP_037037_20200808_20200821_01_T1,LANDSAT_8,OLI_TIRS,2020-08-08,1,T1,2020-08-08T18:03:58.8507280Z,L1TP,37,37,0.36,34.24994,32.086009999999995,-113.78321000000001,-111.25335,1094265485,gs://gcp-public-data-landsat/LC08/01/037/037/LC08_L1TP_037037_20200808_20200821_01_T1
6601722,LC80370382020221LGN00,LC08_L1TP_037038_20200808_20200821_01_T1,LANDSAT_8,OLI_TIRS,2020-08-08,1,T1,2020-08-08T18:04:22.7502400Z,L1TP,37,38,0.0,32.817,30.646620000000002,-114.1569,-111.65669,1021746618,gs://gcp-public-data-landsat/LC08/01/037/038/LC08_L1TP_037038_20200808_20200821_01_T1
7508639,LC80380362020212LGN00,LC08_L1TP_038036_20200730_20200807_01_T1,LANDSAT_8,OLI_TIRS,2020-07-30,1,T1,2020-07-30T18:09:44.1775920Z,L1TP,38,36,0.0,35.70296,33.499340000000004,-114.98438999999999,-112.35943999999999,1064088924,gs://gcp-public-data-landsat/LC08/01/038/036/LC08_L1TP_038036_20200730_20200807_01_T1
3397539,LC80380372020212LGN00,LC08_L1TP_038037_20200730_20200807_01_T1,LANDSAT_8,OLI_TIRS,2020-07-30,1,T1,2020-07-30T18:10:08.0643960Z,L1TP,38,37,0.29,34.234970000000004,32.09989,-115.28742,-112.79448000000001,1070428414,gs://gcp-public-data-landsat/LC08/01/038/037/LC08_L1TP_038037_20200730_20200807_01_T1
10627530,LC80380362020196LGN00,LC08_L1TP_038036_20200714_20200722_01_T1,LANDSAT_8,OLI_TIRS,2020-07-14,1,T1,2020-07-14T18:09:39.7484599Z,L1TP,38,36,0.11,35.70285,33.49903,-114.99431000000001,-112.36913,1058309674,gs://gcp-public-data-landsat/LC08/01/038/036/LC08_L1TP_038036_20200714_20200722_01_T1
4022681,LC80380372020196LGN00,LC08_L1TP_038037_20200714_20200722_01_T1,LANDSAT_8,OLI_TIRS,2020-07-14,1,T1,2020-07-14T18:10:03.6394989Z,L1TP,38,37,0.09,34.23511,32.100190000000005,-115.29696000000001,-112.80422,1063692314,gs://gcp-public-data-landsat/LC08/01/038/037/LC08_L1TP_038037_20200714_20200722_01_T1
6465860,LC80370372020189LGN00,LC08_L1TP_037037_20200707_20200721_01_T1,LANDSAT_8,OLI_TIRS,2020-07-07,1,T1,2020-07-07T18:03:50.2766820Z,L1TP,37,37,0.0,34.2499,32.0856,-113.80272,-111.27243,1097283426,gs://gcp-public-data-landsat/LC08/01/037/037/LC08_L1TP_037037_20200707_20200721_01_T1
6474788,LC80370362020189LGN00,LC08_L1TP_037036_20200707_20200721_01_T1,LANDSAT_8,OLI_TIRS,2020-07-07,1,T1,2020-07-07T18:03:26.3856419Z,L1TP,37,36,0.0,35.6785,33.52429,-113.41803999999999,-110.85303,1073020972,gs://gcp-public-data-landsat/LC08/01/037/036/LC08_L1TP_037036_20200707_20200721_01_T1
6500933,LC80370382020189LGN00,LC08_L1TP_037038_20200707_20200721_01_T1,LANDSAT_8,OLI_TIRS,2020-07-07,1,T1,2020-07-07T18:04:14.1677210Z,L1TP,37,38,0.07,32.8196,30.64617,-114.17618999999999,-111.67549,1031652815,gs://gcp-public-data-landsat/LC08/01/037/038/LC08_L1TP_037038_20200707_20200721_01_T1
3749731,LC80360362020182LGN00,LC08_L1TP_036036_20200630_20200708_01_T1,LANDSAT_8,OLI_TIRS,2020-06-30,1,T1,2020-06-30T17:57:12.6032259Z,L1TP,36,36,0.05,35.6594,33.53837,-111.84406000000001,-109.30218,1056939973,gs://gcp-public-data-landsat/LC08/01/036/036/LC08_L1TP_036036_20200630_20200708_01_T1
6147072,LC80360372020182LGN00,LC08_L1TP_036037_20200630_20200708_01_T1,LANDSAT_8,OLI_TIRS,2020-06-30,1,T1,2020-06-30T17:57:36.4942650Z,L1TP,36,37,0.29,34.222429999999996,32.10904,-112.22681000000001,-109.72543,1087842627,gs://gcp-public-data-landsat/LC08/01/036/037/LC08_L1TP_036037_20200630_20200708_01_T1
5358447,LC80380372020180LGN00,LC08_L1TP_038037_20200628_20200708_01_T1,LANDSAT_8,OLI_TIRS,2020-06-28,1,T1,2020-06-28T18:09:57.2315960Z,L1TP,38,37,2.05,34.23515,32.1003,-115.30013999999998,-112.80747,1034997329,gs://gcp-public-data-landsat/LC08/01/038/037/LC08_L1TP_038037_20200628_20200708_01_T1
2069666,LC80380362020180LGN00,LC08_L1TP_038036_20200628_20200708_01_T1,LANDSAT_8,OLI_TIRS,2020-06-28,1,T1,2020-06-28T18:09:33.3405560Z,L1TP,38,36,3.4,35.70281,33.49893,-114.99762,-112.37236000000001,1025080072,gs://gcp-public-data-landsat/LC08/01/038/036/LC08_L1TP_038036_20200628_20200708_01_T1
6766483,LC80370362020173LGN00,LC08_L1TP_037036_20200621_20200707_01_T1,LANDSAT_8,OLI_TIRS,2020-06-21,1,T1,2020-06-21T18:03:19.1095240Z,L1TP,37,36,0.01,35.6785,33.52429,-113.41803999999999,-110.85303,1058581944,gs://gcp-public-data-landsat/LC08/01/037/036/LC08_L1TP_037036_20200621_20200707_01_T1
9154236,LC80370372020173LGN00,LC08_L1TP_037037_20200621_20200707_01_T1,LANDSAT_8,OLI_TIRS,2020-06-21,1,T1,2020-06-21T18:03:42.9963270Z,L1TP,37,37,0.0,34.2499,32.0856,-113.80272,-111.27243,1100697077,gs://gcp-public-data-landsat/LC08/01/037/037/LC08_L1TP_037037_20200621_20200707_01_T1
8360050,LC80370382020173LGN00,LC08_L1TP_037038_20200621_20200707_01_T1,LANDSAT_8,OLI_TIRS,2020-06-21,1,T1,2020-06-21T18:04:06.8916020Z,L1TP,37,38,0.0,32.8196,30.64617,-114.17618999999999,-111.67549,1036050293,gs://gcp-public-data-landsat/LC08/01/037/038/LC08_L1TP_037038_20200621_20200707_01_T1
351832,LC80360372020166LGN00,LC08_L1TP_036037_20200614_20200626_01_T1,LANDSAT_8,OLI_TIRS,2020-06-14,1,T1,2020-06-14T17:57:28.3457310Z,L1TP,36,37,0.01,34.22517,32.10901,-112.22358999999999,-109.72214,1086645001,gs://gcp-public-data-landsat/LC08/01/036/037/LC08_L1TP_036037_20200614_20200626_01_T1
8870652,LC80360362020166LGN00,LC08_L1TP_036036_20200614_20200626_01_T1,LANDSAT_8,OLI_TIRS,2020-06-14,1,T1,2020-06-14T17:57:04.4546909Z,L1TP,36,36,0.0,35.659420000000004,33.53832,-111.84075,-109.29887,1057133989,gs://gcp-public-data-landsat/LC08/01/036/036/LC08_L1TP_036036_20200614_20200626_01_T1
1690049,LC80380372020164LGN00,LC08_L1TP_038037_20200612_20200625_01_T1,LANDSAT_8,OLI_TIRS,2020-06-12,1,T1,2020-06-12T18:09:48.8374240Z,L1TP,38,37,0.0,34.23511,32.10009,-115.29696000000001,-112.80096999999999,1079389684,gs://gcp-public-data-landsat/LC08/01/038/037/LC08_L1TP_038037_20200612_20200625_01_T1
4153310,LC80380362020164LGN00,LC08_L1TP_038036_20200612_20200625_01_T1,LANDSAT_8,OLI_TIRS,2020-06-12,1,T1,2020-06-12T18:09:24.9421490Z,L1TP,38,36,0.0,35.70288,33.49903,-114.99431000000001,-112.3659,1066857080,gs://gcp-public-data-landsat/LC08/01/038/036/LC08_L1TP_038036_20200612_20200625_01_T1
9999084,LC80360362020150LGN00,LC08_L1TP_036036_20200529_20200608_01_T1,LANDSAT_8,OLI_TIRS,2020-05-29,1,T1,2020-05-29T17:56:54.1856999Z,L1TP,36,36,2.1,35.659490000000005,33.5409,-111.83081000000001,-109.28893000000001,1064845631,gs://gcp-public-data-landsat/LC08/01/036/036/LC08_L1TP_036036_20200529_20200608_01_T1
2003360,LC80360372020150LGN00,LC08_L1TP_036037_20200529_20200608_01_T1,LANDSAT_8,OLI_TIRS,2020-05-29,1,T1,2020-05-29T17:57:18.0725030Z,L1TP,36,37,0.04,34.22527,32.10892,-112.21382,-109.71236999999999,1076301320,gs://gcp-public-data-landsat/LC08/01/036/037/LC08_L1TP_036037_20200529_20200608_01_T1
4380619,LC80380372020148LGN00,LC08_L1TP_038037_20200527_20200608_01_T1,LANDSAT_8,OLI_TIRS,2020-05-27,1,T1,2020-05-27T18:09:38.9034439Z,L1TP,38,37,0.0,34.234970000000004,32.09989,-115.28742,-112.79448000000001,1080442198,gs://gcp-public-data-landsat/LC08/01/038/037/LC08_L1TP_038037_20200527_20200608_01_T1
7512640,LC80380362020148LGN00,LC08_L1TP_038036_20200527_20200608_01_T1,LANDSAT_8,OLI_TIRS,2020-05-27,1,T1,2020-05-27T18:09:15.0081680Z,L1TP,38,36,0.02,35.70296,33.499340000000004,-114.98438999999999,-112.35943999999999,1070711375,gs://gcp-public-data-landsat/LC08/01/038/036/LC08_L1TP_038036_20200527_20200608_01_T1
1828722,LC80370362020141LGN00,LC08_L1TP_037036_20200520_20200527_01_T1,LANDSAT_8,OLI_TIRS,2020-05-20,1,T1,2020-05-20T18:03:03.0238889Z,L1TP,37,36,0.01,35.678490000000004,33.52429,-113.41803999999999,-110.84971000000002,1074313804,gs://gcp-public-data-landsat/LC08/01/037/036/LC08_L1TP_037036_20200520_20200527_01_T1
4329878,LC80370372020141LGN00,LC08_L1TP_037037_20200520_20200527_01_T1,LANDSAT_8,OLI_TIRS,2020-05-20,1,T1,2020-05-20T18:03:26.9191639Z,L1TP,37,37,0.01,34.24991,32.08567,-113.79947,-111.26925,1108256698,gs://gcp-public-data-landsat/LC08/01/037/037/LC08_L1TP_037037_20200520_20200527_01_T1
8192756,LC80370382020141LGN00,LC08_L1TP_037038_20200520_20200527_01_T1,LANDSAT_8,OLI_TIRS,2020-05-20,1,T1,2020-05-20T18:03:50.8144400Z,L1TP,37,38,0.01,32.81962,30.646240000000002,-114.17298999999998,-111.67235,1048876873,gs://gcp-public-data-landsat/LC08/01/037/038/LC08_L1TP_037038_20200520_20200527_01_T1
6388851,LC80360372020134LGN00,LC08_L1TP_036037_20200513_20200526_01_T1,LANDSAT_8,OLI_TIRS,2020-05-13,1,T1,2020-05-13T17:57:14.4989260Z,L1TP,36,37,0.0,34.22507,32.1091,-112.23336,-109.73191000000001,1082408028,gs://gcp-public-data-landsat/LC08/01/036/037/LC08_L1TP_036037_20200513_20200526_01_T1
1606927,LC80360362020134LGN00,LC08_L1TP_036036_20200513_20200526_01_T1,LANDSAT_8,OLI_TIRS,2020-05-13,1,T1,2020-05-13T17:56:50.6078870Z,L1TP,36,36,0.0,35.65938,33.53841,-111.84738,-109.3055,1049074371,gs://gcp-public-data-landsat/LC08/01/036/036/LC08_L1TP_036036_20200513_20200526_01_T1
3031552,LC80380372020132LGN00,LC08_L1TP_038037_20200511_20200526_01_T1,LANDSAT_8,OLI_TIRS,2020-05-11,1,T1,2020-05-11T18:09:35.6179690Z,L1TP,38,37,3.22,34.23525,32.1005,-115.3065,-112.81396000000001,1090319158,gs://gcp-public-data-landsat/LC08/01/038/037/LC08_L1TP_038037_20200511_20200526_01_T1
715504,LC80370372020125LGN00,LC08_L1TP_037037_20200504_20200509_01_T1,LANDSAT_8,OLI_TIRS,2020-05-04,1,T1,2020-05-04T18:03:26.4248780Z,L1TP,37,37,0.0,34.2498,32.08477,-113.84176000000001,-111.31058999999999,1100383355,gs://gcp-public-data-landsat/LC08/01/037/037/LC08_L1TP_037037_20200504_20200509_01_T1
10515785,LC80370382020125LGN00,LC08_L1TP_037038_20200504_20200509_01_T1,LANDSAT_8,OLI_TIRS,2020-05-04,1,T1,2020-05-04T18:03:50.3159180Z,L1TP,37,38,0.0,32.819390000000006,30.64797,-114.21457,-111.71309,1034495683,gs://gcp-public-data-landsat/LC08/01/037/038/LC08_L1TP_037038_20200504_20200509_01_T1
7576503,LC80370362020125LGN00,LC08_L1TP_037036_20200504_20200509_01_T1,LANDSAT_8,OLI_TIRS,2020-05-04,1,T1,2020-05-04T18:03:02.5296030Z,L1TP,37,36,0.01,35.678540000000005,33.52349,-113.46108000000001,-110.89281000000001,1063027403,gs://gcp-public-data-landsat/LC08/01/037/036/LC08_L1TP_037036_20200504_20200509_01_T1
5110138,LC80360362020118LGN00,LC08_L1TP_036036_20200427_20200509_01_T1,LANDSAT_8,OLI_TIRS,2020-04-27,1,T1,2020-04-27T17:56:55.8483729Z,L1TP,36,36,4.98,35.65914,33.541540000000005,-111.88051999999999,-109.33861999999999,1045327372,gs://gcp-public-data-landsat/LC08/01/036/036/LC08_L1TP_036036_20200427_20200509_01_T1
4359652,LC80380362020116LGN00,LC08_L1TP_038036_20200425_20200509_01_T1,LANDSAT_8,OLI_TIRS,2020-04-25,1,T1,2020-04-25T18:09:18.5769809Z,L1TP,38,36,0.1,35.70237,33.49781,-115.03398,-112.4079,1061444053,gs://gcp-public-data-landsat/LC08/01/038/036/LC08_L1TP_038036_20200425_20200509_01_T1
7648117,LC80380372020116LGN00,LC08_L1TP_038037_20200425_20200509_01_T1,LANDSAT_8,OLI_TIRS,2020-04-25,1,T1,2020-04-25T18:09:42.4637840Z,L1TP,38,37,0.0,34.23295,32.10132,-115.33511999999999,-112.84007,1079045913,gs://gcp-public-data-landsat/LC08/01/038/037/LC08_L1TP_038037_20200425_20200509_01_T1
7526836,LC80380372020100LGN00,LC08_L1TP_038037_20200409_20200422_01_T1,LANDSAT_8,OLI_TIRS,2020-04-09,1,T1,2020-04-09T18:09:49.7207340Z,L1TP,38,37,4.27,34.23273,32.10091,-115.31922,-112.82708000000001,1099203427,gs://gcp-public-data-landsat/LC08/01/038/037/LC08_L1TP_038037_20200409_20200422_01_T1
450978,LC80370382020093LGN00,LC08_L1TP_037038_20200402_20200410_01_T1,LANDSAT_8,OLI_TIRS,2020-04-02,1,T1,2020-04-02T18:04:05.1692390Z,L1TP,37,38,0.19,32.81953,30.64865,-114.18578000000001,-111.68803,1023915601,gs://gcp-public-data-landsat/LC08/01/037/038/LC08_L1TP_037038_20200402_20200410_01_T1
2824697,LC80370362020093LGN00,LC08_L1TP_037036_20200402_20200410_01_T1,LANDSAT_8,OLI_TIRS,2020-04-02,1,T1,2020-04-02T18:03:17.3998690Z,L1TP,37,36,0.1,35.67581,33.52404,-113.4312,-110.86628999999999,1046321123,gs://gcp-public-data-landsat/LC08/01/037/036/LC08_L1TP_037036_20200402_20200410_01_T1
7392462,LC80370372020093LGN00,LC08_L1TP_037037_20200402_20200410_01_T1,LANDSAT_8,OLI_TIRS,2020-04-02,1,T1,2020-04-02T18:03:41.2824360Z,L1TP,37,37,0.01,34.24987,32.0854,-113.81248000000001,-111.28515,1089782913,gs://gcp-public-data-landsat/LC08/01/037/037/LC08_L1TP_037037_20200402_20200410_01_T1
9190539,LC80380362020084LGN00,LC08_L1TP_038036_20200324_20200409_01_T1,LANDSAT_8,OLI_TIRS,2020-03-24,1,T1,2020-03-24T18:09:33.9818790Z,L1TP,38,36,0.49,35.70265,33.49852,-115.01083999999999,-112.38529,1052312347,gs://gcp-public-data-landsat/LC08/01/038/036/LC08_L1TP_038036_20200324_20200409_01_T1
1715785,LC80380372020084LGN00,LC08_L1TP_038037_20200324_20200409_01_T1,LANDSAT_8,OLI_TIRS,2020-03-24,1,T1,2020-03-24T18:09:57.8686830Z,L1TP,38,37,0.04,34.23534,32.10071,-115.31286000000001,-112.82045,1072378946,gs://gcp-public-data-landsat/LC08/01/038/037/LC08_L1TP_038037_20200324_20200409_01_T1
5849782,LC80380372020068LGN00,LC08_L1TP_038037_20200308_20200314_01_T1,LANDSAT_8,OLI_TIRS,2020-03-08,1,T1,2020-03-08T18:10:06.1353360Z,L1TP,38,37,0.9,34.23529,32.100609999999996,-115.30968,-112.81721,1057549953,gs://gcp-public-data-landsat/LC08/01/038/037/LC08_L1TP_038037_20200308_20200314_01_T1
8069232,LC80380362020052LGN00,LC08_L1TP_038036_20200221_20200225_01_T1,LANDSAT_8,OLI_TIRS,2020-02-21,1,T1,2020-02-21T18:09:48.0307599Z,L1TP,38,36,1.79,35.70277,33.49883,-115.00092,-112.37558999999999,1028500790,gs://gcp-public-data-landsat/LC08/01/038/036/LC08_L1TP_038036_20200221_20200225_01_T1
6510897,LC80370382020045LGN00,LC08_L1TP_037038_20200214_20200225_01_T1,LANDSAT_8,OLI_TIRS,2020-02-14,1,T1,2020-02-14T18:04:26.6845620Z,L1TP,37,38,4.82,32.8196,30.646240000000002,-114.17298999999998,-111.67549,976800391,gs://gcp-public-data-landsat/LC08/01/037/038/LC08_L1TP_037038_20200214_20200225_01_T1
2443333,LC80370372020045LGN00,LC08_L1TP_037037_20200214_20200225_01_T1,LANDSAT_8,OLI_TIRS,2020-02-14,1,T1,2020-02-14T18:04:02.7977589Z,L1TP,37,37,0.03,34.24719,32.0856,-113.80263000000001,-111.27243,1041863231,gs://gcp-public-data-landsat/LC08/01/037/037/LC08_L1TP_037037_20200214_20200225_01_T1
7087473,LC80360372020038LGN00,LC08_L1TP_036037_20200207_20200211_01_T1,LANDSAT_8,OLI_TIRS,2020-02-07,1,T1,2020-02-07T17:57:53.2037830Z,L1TP,36,37,0.45,34.22253,32.108979999999995,-112.21704,-109.71892,1037663695,gs://gcp-public-data-landsat/LC08/01/036/037/LC08_L1TP_036037_20200207_20200211_01_T1
8366641,LC80370382020029LGN00,LC08_L1TP_037038_20200129_20200211_01_T1,LANDSAT_8,OLI_TIRS,2020-01-29,1,T1,2020-01-29T18:04:30.7084210Z,L1TP,37,38,0.08,32.81693,30.646390000000004,-114.1665,-111.66922,961468995,gs://gcp-public-data-landsat/LC08/01/037/038/LC08_L1TP_037038_20200129_20200211_01_T1
2364216,LC80370382020013LGN00,LC08_L1TP_037038_20200113_20200127_01_T1,LANDSAT_8,OLI_TIRS,2020-01-13,1,T1,2020-01-13T18:04:35.4357820Z,L1TP,37,38,0.09,32.81693,30.646390000000004,-114.1665,-111.66922,959898925,gs://gcp-public-data-landsat/LC08/01/037/038/LC08_L1TP_037038_20200113_20200127_01_T1
6982468,LC80370372020013LGN00,LC08_L1TP_037037_20200113_20200127_01_T1,LANDSAT_8,OLI_TIRS,2020-01-13,1,T1,2020-01-13T18:04:11.5447429Z,L1TP,37,37,0.03,34.247209999999995,32.085809999999995,-113.79288000000001,-111.26288999999998,1019323315,gs://gcp-public-data-landsat/LC08/01/037/037/LC08_L1TP_037037_20200113_20200127_01_T1
808906,LC80370362020013LGN00,LC08_L1TP_037036_20200113_20200127_01_T1,LANDSAT_8,OLI_TIRS,2020-01-13,1,T1,2020-01-13T18:03:47.6494670Z,L1TP,37,36,1.45,35.675779999999996,33.524409999999996,-113.41133,-110.8464,1033406854,gs://gcp-public-data-landsat/LC08/01/037/036/LC08_L1TP_037036_20200113_20200127_01_T1
5020717,LC80360362020006LGN00,LC08_L1TP_036036_20200106_20200114_01_T1,LANDSAT_8,OLI_TIRS,2020-01-06,1,T1,2020-01-06T17:57:38.0728840Z,L1TP,36,36,0.38,35.659490000000005,33.54094,-111.83081000000001,-109.29225,1043800573,gs://gcp-public-data-landsat/LC08/01/036/036/LC08_L1TP_036036_20200106_20200114_01_T1
10365518,LC80360372020006LGN00,LC08_L1TP_036037_20200106_20200114_01_T1,LANDSAT_8,OLI_TIRS,2020-01-06,1,T1,2020-01-06T17:58:01.9596879Z,L1TP,36,37,1.43,34.22253,32.10895,-112.21704,-109.71566999999999,1031810841,gs://gcp-public-data-landsat/LC08/01/036/037/LC08_L1TP_036037_20200106_20200114_01_T1
10130749,LC80380362020004LGN00,LC08_L1TP_038036_20200104_20200113_01_T1,LANDSAT_8,OLI_TIRS,2020-01-04,1,T1,2020-01-04T18:09:59.9676530Z,L1TP,38,36,0.38,35.70296,33.49924,-114.9877,-112.35943999999999,1004488937,gs://gcp-public-data-landsat/LC08/01/038/036/LC08_L1TP_038036_20200104_20200113_01_T1
751568,LC80380372020004LGN00,LC08_L1TP_038037_20200104_20200113_01_T1,LANDSAT_8,OLI_TIRS,2020-01-04,1,T1,2020-01-04T18:10:23.8629280Z,L1TP,38,37,0.04,34.234970000000004,32.09989,-115.28742,-112.79448000000001,1012673842,gs://gcp-public-data-landsat/LC08/01/038/037/LC08_L1TP_038037_20200104_20200113_01_T1
2808012,LC80370382019362LGN00,LC08_L1TP_037038_20191228_20200111_01_T1,LANDSAT_8,OLI_TIRS,2019-12-28,1,T1,2019-12-28T18:04:38.9015189Z,L1TP,37,38,1.81,32.81695,30.646390000000004,-114.1665,-111.66609,930031810,gs://gcp-public-data-landsat/LC08/01/037/038/LC08_L1TP_037038_20191228_20200111_01_T1
4181960,LC80370362019330LGN00,LC08_L1TP_037036_20191126_20191203_01_T1,LANDSAT_8,OLI_TIRS,2019-11-26,1,T1,2019-11-26T18:03:56.0166270Z,L1TP,37,36,1.76,35.675779999999996,33.524409999999996,-113.41133,-110.8464,1027682027,gs://gcp-public-data-landsat/LC08/01/037/036/LC08_L1TP_037036_20191126_20191203_01_T1
4299332,LC80370382019330LGN00,LC08_L1TP_037038_20191126_20191203_01_T1,LANDSAT_8,OLI_TIRS,2019-11-26,1,T1,2019-11-26T18:04:43.7944700Z,L1TP,37,38,0.54,32.81693,30.646390000000004,-114.1665,-111.66922,976205562,gs://gcp-public-data-landsat/LC08/01/037/038/LC08_L1TP_037038_20191126_20191203_01_T1
6754608,LC80370372019330LGN00,LC08_L1TP_037037_20191126_20191203_01_T1,LANDSAT_8,OLI_TIRS,2019-11-26,1,T1,2019-11-26T18:04:19.8991950Z,L1TP,37,37,0.77,34.24992,32.085809999999995,-113.79296000000001,-111.26288999999998,1032044410,gs://gcp-public-data-landsat/LC08/01/037/037/LC08_L1TP_037037_20191126_20191203_01_T1
3788053,LC80380372019321LGN00,LC08_L1TP_038037_20191117_20191202_01_T1,LANDSAT_8,OLI_TIRS,2019-11-17,1,T1,2019-11-17T18:10:31.6881180Z,L1TP,38,37,0.24,34.23506,32.10009,-115.29378,-112.80096999999999,1019009403,gs://gcp-public-data-landsat/LC08/01/038/037/LC08_L1TP_038037_20191117_20191202_01_T1
9541122,LC80380362019321LGN00,LC08_L1TP_038036_20191117_20191202_01_T1,LANDSAT_8,OLI_TIRS,2019-11-17,1,T1,2019-11-17T18:10:07.8013140Z,L1TP,38,36,0.01,35.70288,33.49913,-114.991,-112.3659,1022247797,gs://gcp-public-data-landsat/LC08/01/038/036/LC08_L1TP_038036_20191117_20191202_01_T1
7389116,LC80360362019307LGN00,LC08_L1TP_036036_20191103_20191115_01_T1,LANDSAT_8,OLI_TIRS,2019-11-03,1,T1,2019-11-03T17:57:49.0818290Z,L1TP,36,36,4.03,35.65938,33.54112,-111.84738,-109.3055,981344316,gs://gcp-public-data-landsat/LC08/01/036/036/LC08_L1TP_036036_20191103_20191115_01_T1
3311291,LC80380372019305LGN00,LC08_L1TP_038037_20191101_20191114_01_T1,LANDSAT_8,OLI_TIRS,2019-11-01,1,T1,2019-11-01T18:10:34.8636900Z,L1TP,38,37,0.08,34.2352,32.1004,-115.30332,-112.81071000000001,1046712790,gs://gcp-public-data-landsat/LC08/01/038/037/LC08_L1TP_038037_20191101_20191114_01_T1
6836789,LC80380362019305LGN00,LC08_L1TP_038036_20191101_20191114_01_T1,LANDSAT_8,OLI_TIRS,2019-11-01,1,T1,2019-11-01T18:10:10.9726510Z,L1TP,38,36,0.03,35.70277,33.49883,-115.00092,-112.37558999999999,1050387018,gs://gcp-public-data-landsat/LC08/01/038/036/LC08_L1TP_038036_20191101_20191114_01_T1
874953,LC80370372019298LGN00,LC08_L1TP_037037_20191025_20191030_01_T1,LANDSAT_8,OLI_TIRS,2019-10-25,1,T1,2019-10-25T18:04:24.5003910Z,L1TP,37,37,0.04,34.24988,32.08547,-113.80923,-111.27878999999999,1058212631,gs://gcp-public-data-landsat/LC08/01/037/037/LC08_L1TP_037037_20191025_20191030_01_T1
10196740,LC80370382019298LGN00,LC08_L1TP_037038_20191025_20191030_01_T1,LANDSAT_8,OLI_TIRS,2019-10-25,1,T1,2019-10-25T18:04:48.3914300Z,L1TP,37,38,0.06,32.81957,30.64602,-114.18258999999999,-111.68175,1003290098,gs://gcp-public-data-landsat/LC08/01/037/038/LC08_L1TP_037038_20191025_20191030_01_T1
10627272,LC80370362019298LGN00,LC08_L1TP_037036_20191025_20191030_01_T1,LANDSAT_8,OLI_TIRS,2019-10-25,1,T1,2019-10-25T18:04:00.6093520Z,L1TP,37,36,0.0,35.678509999999996,33.52411,-113.42797,-110.85966,1030388769,gs://gcp-public-data-landsat/LC08/01/037/036/LC08_L1TP_037036_20191025_20191030_01_T1
4780565,LC80380372019289LGN00,LC08_L1TP_038037_20191016_20191029_01_T1,LANDSAT_8,OLI_TIRS,2019-10-16,1,T1,2019-10-16T18:10:35.1087470Z,L1TP,38,37,0.12,34.23525,32.1005,-115.3065,-112.81396000000001,1047152685,gs://gcp-public-data-landsat/LC08/01/038/037/LC08_L1TP_038037_20191016_20191029_01_T1
8874603,LC80380362019289LGN00,LC08_L1TP_038036_20191016_20191029_01_T1,LANDSAT_8,OLI_TIRS,2019-10-16,1,T1,2019-10-16T18:10:11.2134720Z,L1TP,38,36,2.07,35.702729999999995,33.49873,-115.00423,-112.37881999999999,1031073219,gs://gcp-public-data-landsat/LC08/01/038/036/LC08_L1TP_038036_20191016_20191029_01_T1
27102,LC80370362019282LGN00,LC08_L1TP_037036_20191009_20191018_01_T1,LANDSAT_8,OLI_TIRS,2019-10-09,1,T1,2019-10-09T18:03:59.6266040Z,L1TP,37,36,0.04,35.6758,33.52417,-113.42458,-110.85966,1033386136,gs://gcp-public-data-landsat/LC08/01/037/036/LC08_L1TP_037036_20191009_20191018_01_T1
3325939,LC80370372019282LGN00,LC08_L1TP_037037_20191009_20191018_01_T1,LANDSAT_8,OLI_TIRS,2019-10-09,1,T1,2019-10-09T18:04:23.5134070Z,L1TP,37,37,0.0,34.24988,32.08547,-113.80923,-111.27878999999999,1073596545,gs://gcp-public-data-landsat/LC08/01/037/037/LC08_L1TP_037037_20191009_20191018_01_T1
2309959,LC80370382019282LGN00,LC08_L1TP_037038_20191009_20191018_01_T1,LANDSAT_8,OLI_TIRS,2019-10-09,1,T1,2019-10-09T18:04:47.4086820Z,L1TP,37,38,0.0,32.81957,30.64602,-114.18258999999999,-111.68175,1010588033,gs://gcp-public-data-landsat/LC08/01/037/038/LC08_L1TP_037038_20191009_20191018_01_T1
8093753,LC80360372019275LGN00,LC08_L1TP_036037_20191002_20191018_01_T1,LANDSAT_8,OLI_TIRS,2019-10-02,1,T1,2019-10-02T17:58:11.4691240Z,L1TP,36,37,0.47,34.2224,32.1091,-112.23006000000001,-109.73195,1072793470,gs://gcp-public-data-landsat/LC08/01/036/037/LC08_L1TP_036037_20191002_20191018_01_T1
6593738,LC80360362019275LGN00,LC08_L1TP_036036_20191002_20191018_01_T1,LANDSAT_8,OLI_TIRS,2019-10-02,1,T1,2019-10-02T17:57:47.5738490Z,L1TP,36,36,0.0,35.65938,33.54112,-111.84738,-109.3055,1029422819,gs://gcp-public-data-landsat/LC08/01/036/036/LC08_L1TP_036036_20191002_20191018_01_T1
4699455,LC80380362019273LGN00,LC08_L1TP_038036_20190930_20191017_01_T1,LANDSAT_8,OLI_TIRS,2019-09-30,1,T1,2019-09-30T18:10:08.7871110Z,L1TP,38,36,0.01,35.70281,33.49883,-115.00092,-112.37236000000001,1056307059,gs://gcp-public-data-landsat/LC08/01/038/036/LC08_L1TP_038036_20190930_20191017_01_T1
5158506,LC80380372019273LGN00,LC08_L1TP_038037_20190930_20191018_01_T1,LANDSAT_8,OLI_TIRS,2019-09-30,1,T1,2019-09-30T18:10:32.6781510Z,L1TP,38,37,0.0,34.2352,32.1003,-115.30332,-112.80747,1063802027,gs://gcp-public-data-landsat/LC08/01/038/037/LC08_L1TP_038037_20190930_20191018_01_T1
10276998,LC80380372019257LGN00,LC08_L1TP_038037_20190914_20190925_01_T1,LANDSAT_8,OLI_TIRS,2019-09-14,1,T1,2019-09-14T18:10:27.8212590Z,L1TP,38,37,1.31,34.23506,32.099990000000005,-115.29378,-112.79773,1062750686,gs://gcp-public-data-landsat/LC08/01/038/037/LC08_L1TP_038037_20190914_20190925_01_T1
7836036,LC80380362019257LGN00,LC08_L1TP_038036_20190914_20190914_01_T1,LANDSAT_8,OLI_TIRS,2019-09-14,1,T1,2019-09-14T18:10:03.9302200Z,L1TP,38,36,0.26,35.70292,33.49913,-114.991,-112.36267,1052760103,gs://gcp-public-data-landsat/LC08/01/038/036/LC08_L1TP_038036_20190914_20190914_01_T1
2903207,LC80380362019257LGN00,LC08_L1TP_038036_20190914_20190925_01_T1,LANDSAT_8,OLI_TIRS,2019-09-14,1,T1,2019-09-14T18:10:03.9302200Z,L1TP,38,36,0.26,35.70292,33.49913,-114.991,-112.36267,1052762681,gs://gcp-public-data-landsat/LC08/01/038/036/LC08_L1TP_038036_20190914_20190925_01_T1
2526834,LC80380372019257LGN00,LC08_L1TP_038037_20190914_20190914_01_T1,LANDSAT_8,OLI_TIRS,2019-09-14,1,T1,2019-09-14T18:10:27.8212590Z,L1TP,38,37,1.31,34.23506,32.099990000000005,-115.29378,-112.79773,1062740910,gs://gcp-public-data-landsat/LC08/01/038/037/LC08_L1TP_038037_20190914_20190914_01_T1
10387569,LC80360362019243LGN00,LC08_L1TP_036036_20190831_20190916_01_T1,LANDSAT_8,OLI_TIRS,2019-08-31,1,T1,2019-08-31T17:57:37.8693709Z,L1TP,36,36,0.67,35.65951,33.5409,-111.82749,-109.28893000000001,1042680218,gs://gcp-public-data-landsat/LC08/01/036/036/LC08_L1TP_036036_20190831_20190916_01_T1
2649850,LC80360372019243LGN00,LC08_L1TP_036037_20190831_20190916_01_T1,LANDSAT_8,OLI_TIRS,2019-08-31,1,T1,2019-08-31T17:58:01.7604100Z,L1TP,36,37,0.44,34.222559999999994,32.10892,-112.21378,-109.71241,1065731096,gs://gcp-public-data-landsat/LC08/01/036/037/LC08_L1TP_036037_20190831_20190916_01_T1
4346506,LC80380362019241LGN00,LC08_L1TP_038036_20190829_20190903_01_T1,LANDSAT_8,OLI_TIRS,2019-08-29,1,T1,2019-08-29T18:09:59.1506259Z,L1TP,38,36,0.0,35.70296,33.499340000000004,-114.98438999999999,-112.35943999999999,1053160730,gs://gcp-public-data-landsat/LC08/01/038/036/LC08_L1TP_038036_20190829_20190903_01_T1
3282437,LC80380372019241LGN00,LC08_L1TP_038037_20190829_20190903_01_T1,LANDSAT_8,OLI_TIRS,2019-08-29,1,T1,2019-08-29T18:10:23.0416660Z,L1TP,38,37,0.0,34.234970000000004,32.09989,-115.28742,-112.79448000000001,1056251829,gs://gcp-public-data-landsat/LC08/01/038/037/LC08_L1TP_038037_20190829_20190903_01_T1
8581004,LC80370372019234LGN00,LC08_L1TP_037037_20190822_20190903_01_T1,LANDSAT_8,OLI_TIRS,2019-08-22,1,T1,2019-08-22T18:04:10.7272249Z,L1TP,37,37,0.01,34.24992,32.085809999999995,-113.79296000000001,-111.26288999999998,1086793225,gs://gcp-public-data-landsat/LC08/01/037/037/LC08_L1TP_037037_20190822_20190903_01_T1
4185355,LC80370382019234LGN00,LC08_L1TP_037038_20190822_20190903_01_T1,LANDSAT_8,OLI_TIRS,2019-08-22,1,T1,2019-08-22T18:04:34.6224999Z,L1TP,37,38,0.14,32.81966,30.646390000000004,-114.16658999999999,-111.66609,1031419375,gs://gcp-public-data-landsat/LC08/01/037/038/LC08_L1TP_037038_20190822_20190903_01_T1
4417472,LC80370362019234LGN00,LC08_L1TP_037036_20190822_20190903_01_T1,LANDSAT_8,OLI_TIRS,2019-08-22,1,T1,2019-08-22T18:03:46.8404220Z,L1TP,37,36,0.38,35.675779999999996,33.52448,-113.40802,-110.84308999999999,1052068278,gs://gcp-public-data-landsat/LC08/01/037/036/LC08_L1TP_037036_20190822_20190903_01_T1
7461501,LC80360372019227LGN00,LC08_L1TP_036037_20190815_20190820_01_T1,LANDSAT_8,OLI_TIRS,2019-08-15,1,T1,2019-08-15T17:57:58.0740680Z,L1TP,36,37,0.95,34.22524,32.10895,-112.21708000000001,-109.71562,1095022099,gs://gcp-public-data-landsat/LC08/01/036/037/LC08_L1TP_036037_20190815_20190820_01_T1
316278,LC80380372019225LGN00,LC08_L1TP_038037_20190813_20190820_01_T1,LANDSAT_8,OLI_TIRS,2019-08-13,1,T1,2019-08-13T18:10:19.1224520Z,L1TP,38,37,0.0,34.23502,32.09989,-115.2906,-112.79448000000001,1074148974,gs://gcp-public-data-landsat/LC08/01/038/037/LC08_L1TP_038037_20190813_20190820_01_T1
10206902,LC80380362019225LGN00,LC08_L1TP_038036_20190813_20190820_01_T1,LANDSAT_8,OLI_TIRS,2019-08-13,1,T1,2019-08-13T18:09:55.2314130Z,L1TP,38,36,0.0,35.70296,33.49924,-114.9877,-112.35943999999999,1066724790,gs://gcp-public-data-landsat/LC08/01/038/036/LC08_L1TP_038036_20190813_20190820_01_T1
4796575,LC80370362019202LGN00,LC08_L1TP_037036_20190721_20190801_01_T1,LANDSAT_8,OLI_TIRS,2019-07-21,1,T1,2019-07-21T18:03:35.3600940Z,L1TP,37,36,0.03,35.675779999999996,33.52454,-113.40471000000001,-110.83977,1068894175,gs://gcp-public-data-landsat/LC08/01/037/036/LC08_L1TP_037036_20190721_20190801_01_T1
8932148,LC80370372019202LGN00,LC08_L1TP_037037_20190721_20190801_01_T1,LANDSAT_8,OLI_TIRS,2019-07-21,1,T1,2019-07-21T18:03:59.2511330Z,L1TP,37,37,0.07,34.24723,32.08595,-113.78636999999999,-111.25653,1090672360,gs://gcp-public-data-landsat/LC08/01/037/037/LC08_L1TP_037037_20190721_20190801_01_T1
9458652,LC80370382019202LGN00,LC08_L1TP_037038_20190721_20190801_01_T1,LANDSAT_8,OLI_TIRS,2019-07-21,1,T1,2019-07-21T18:04:23.1379360Z,L1TP,37,38,4.92,32.81967,30.64654,-114.1602,-111.66296000000001,1037419961,gs://gcp-public-data-landsat/LC08/01/037/038/LC08_L1TP_037038_20190721_20190801_01_T1
2683004,LC80360372019195LGN00,LC08_L1TP_036037_20190714_20190720_01_T1,LANDSAT_8,OLI_TIRS,2019-07-14,1,T1,2019-07-14T17:57:46.4960970Z,L1TP,36,37,2.67,34.222559999999994,32.10895,-112.21378,-109.71566999999999,1072926265,gs://gcp-public-data-landsat/LC08/01/036/037/LC08_L1TP_036037_20190714_20190720_01_T1
2362436,LC80370382019186LGN00,LC08_L1TP_037038_20190705_20190719_01_T1,LANDSAT_8,OLI_TIRS,2019-07-05,1,T1,2019-07-05T18:04:19.7901640Z,L1TP,37,38,0.0,32.8196,30.646240000000002,-114.17298999999998,-111.67549,1038148202,gs://gcp-public-data-landsat/LC08/01/037/038/LC08_L1TP_037038_20190705_20190719_01_T1
5164082,LC80370372019186LGN00,LC08_L1TP_037037_20190705_20190719_01_T1,LANDSAT_8,OLI_TIRS,2019-07-05,1,T1,2019-07-05T18:03:55.8948890Z,L1TP,37,37,0.0,34.24991,32.08567,-113.79947,-111.26925,1106367748,gs://gcp-public-data-landsat/LC08/01/037/037/LC08_L1TP_037037_20190705_20190719_01_T1
8881338,LC80370362019186LGN00,LC08_L1TP_037036_20190705_20190719_01_T1,LANDSAT_8,OLI_TIRS,2019-07-05,1,T1,2019-07-05T18:03:31.9996140Z,L1TP,37,36,0.0,35.678490000000004,33.52429,-113.41803999999999,-110.84971000000002,1078096682,gs://gcp-public-data-landsat/LC08/01/037/036/LC08_L1TP_037036_20190705_20190719_01_T1
8895321,LC80360362019179LGN00,LC08_L1TP_036036_20190628_20190706_01_T1,LANDSAT_8,OLI_TIRS,2019-06-28,1,T1,2019-06-28T17:57:19.5791830Z,L1TP,36,36,1.8,35.6594,33.54107,-111.84406000000001,-109.30218,1058122166,gs://gcp-public-data-landsat/LC08/01/036/036/LC08_L1TP_036036_20190628_20190706_01_T1
5552285,LC80370382019170LGN00,LC08_L1TP_037038_20190619_20190703_01_T1,LANDSAT_8,OLI_TIRS,2019-06-19,1,T1,2019-06-19T18:04:15.6252099Z,L1TP,37,38,0.0,32.81955,30.645940000000003,-114.18578000000001,-111.68488,1037901483,gs://gcp-public-data-landsat/LC08/01/037/038/LC08_L1TP_037038_20190619_20190703_01_T1
2483257,LC80370362019170LGN00,LC08_L1TP_037036_20190619_20190703_01_T1,LANDSAT_8,OLI_TIRS,2019-06-19,1,T1,2019-06-19T18:03:27.8388960Z,L1TP,37,36,0.93,35.678509999999996,33.52411,-113.42797,-110.85966,1075839538,gs://gcp-public-data-landsat/LC08/01/037/036/LC08_L1TP_037036_20190619_20190703_01_T1
4183524,LC80370372019170LGN00,LC08_L1TP_037037_20190619_20190703_01_T1,LANDSAT_8,OLI_TIRS,2019-06-19,1,T1,2019-06-19T18:03:51.7341710Z,L1TP,37,37,0.0,34.24988,32.08547,-113.80923,-111.27878999999999,1105396894,gs://gcp-public-data-landsat/LC08/01/037/037/LC08_L1TP_037037_20190619_20190703_01_T1
4423096,LC80380362019161LGN00,LC08_L1TP_038036_20190610_20190619_01_T1,LANDSAT_8,OLI_TIRS,2019-06-10,1,T1,2019-06-10T18:09:35.4334780Z,L1TP,38,36,0.22,35.702690000000004,33.49863,-115.00753,-112.38206000000001,1069105263,gs://gcp-public-data-landsat/LC08/01/038/036/LC08_L1TP_038036_20190610_20190619_01_T1
1865753,LC80380372019161LGN00,LC08_L1TP_038037_20190610_20190619_01_T1,LANDSAT_8,OLI_TIRS,2019-06-10,1,T1,2019-06-10T18:09:59.3287530Z,L1TP,38,37,0.32,34.23529,32.100609999999996,-115.30968,-112.81721,1077738871,gs://gcp-public-data-landsat/LC08/01/038/037/LC08_L1TP_038037_20190610_20190619_01_T1
5191818,LC80370372019154LGN00,LC08_L1TP_037037_20190603_20190618_01_T1,LANDSAT_8,OLI_TIRS,2019-06-03,1,T1,2019-06-03T18:03:45.5490850Z,L1TP,37,37,0.88,34.24988,32.0854,-113.81248000000001,-111.28197,1107011331,gs://gcp-public-data-landsat/LC08/01/037/037/LC08_L1TP_037037_20190603_20190618_01_T1
2780701,LC80370382019154LGN00,LC08_L1TP_037038_20190603_20190618_01_T1,LANDSAT_8,OLI_TIRS,2019-06-03,1,T1,2019-06-03T18:04:09.4401240Z,L1TP,37,38,0.14,32.81953,30.645870000000002,-114.18898,-111.68801,1038611019,gs://gcp-public-data-landsat/LC08/01/037/038/LC08_L1TP_037038_20190603_20190618_01_T1
4414695,LC80380372019145LGN00,LC08_L1TP_038037_20190525_20190605_01_T1,LANDSAT_8,OLI_TIRS,2019-05-25,1,T1,2019-05-25T18:09:51.8907520Z,L1TP,38,37,0.0,34.23529,32.1005,-115.30968,-112.81396000000001,1078660645,gs://gcp-public-data-landsat/LC08/01/038/037/LC08_L1TP_038037_20190525_20190605_01_T1
10196010,LC80380362019145LGN00,LC08_L1TP_038036_20190525_20190605_01_T1,LANDSAT_8,OLI_TIRS,2019-05-25,1,T1,2019-05-25T18:09:27.9954770Z,L1TP,38,36,0.02,35.702729999999995,33.49863,-115.00753,-112.37881999999999,1069518336,gs://gcp-public-data-landsat/LC08/01/038/036/LC08_L1TP_038036_20190525_20190605_01_T1
8444631,LC80370372019138LGN00,LC08_L1TP_037037_20190518_20190522_01_T1,LANDSAT_8,OLI_TIRS,2019-05-18,1,T1,2019-05-18T18:03:37.1247330Z,L1TP,37,37,0.25,34.24988,32.08547,-113.80923,-111.27878999999999,1100866713,gs://gcp-public-data-landsat/LC08/01/037/037/LC08_L1TP_037037_20190518_20190522_01_T1
5612190,LC80370382019138LGN00,LC08_L1TP_037038_20190518_20190522_01_T1,LANDSAT_8,OLI_TIRS,2019-05-18,1,T1,2019-05-18T18:04:01.0200080Z,L1TP,37,38,1.38,32.81957,30.64602,-114.18258999999999,-111.68175,1032452694,gs://gcp-public-data-landsat/LC08/01/037/038/LC08_L1TP_037038_20190518_20190522_01_T1
3058845,LC80370362019138LGN00,LC08_L1TP_037036_20190518_20190522_01_T1,LANDSAT_8,OLI_TIRS,2019-05-18,1,T1,2019-05-18T18:03:13.2336940Z,L1TP,37,36,0.29,35.678509999999996,33.52417,-113.42466,-110.85966,1064615822,gs://gcp-public-data-landsat/LC08/01/037/036/LC08_L1TP_037036_20190518_20190522_01_T1
1626642,LC80360372019115LGN00,LC08_L1TP_036037_20190425_20190508_01_T1,LANDSAT_8,OLI_TIRS,2019-04-25,1,T1,2019-04-25T17:57:12.7842280Z,L1TP,36,37,0.02,34.22247,32.10904,-112.22355,-109.72543,1080815140,gs://gcp-public-data-landsat/LC08/01/036/037/LC08_L1TP_036037_20190425_20190508_01_T1
3441946,LC80360362019115LGN00,LC08_L1TP_036036_20190425_20190508_01_T1,LANDSAT_8,OLI_TIRS,2019-04-25,1,T1,2019-04-25T17:56:48.8931890Z,L1TP,36,36,0.2,35.659420000000004,33.53832,-111.84075,-109.29887,1050573853,gs://gcp-public-data-landsat/LC08/01/036/036/LC08_L1TP_036036_20190425_20190508_01_T1
1822222,LC80380362019113LGN00,LC08_L1TP_038036_20190423_20190507_01_T1,LANDSAT_8,OLI_TIRS,2019-04-23,1,T1,2019-04-23T18:09:11.5432810Z,L1TP,38,36,2.72,35.702529999999996,33.49822,-115.02075,-112.39498,1062578590,gs://gcp-public-data-landsat/LC08/01/038/036/LC08_L1TP_038036_20190423_20190507_01_T1
8206981,LC80380372019113LGN00,LC08_L1TP_038037_20190423_20190507_01_T1,LANDSAT_8,OLI_TIRS,2019-04-23,1,T1,2019-04-23T18:09:35.4258480Z,L1TP,38,37,2.58,34.235479999999995,32.101009999999995,-115.3224,-112.83018999999999,1069272215,gs://gcp-public-data-landsat/LC08/01/038/037/LC08_L1TP_038037_20190423_20190507_01_T1
1235688,LC80380372019097LGN00,LC08_L1TP_038037_20190407_20190422_01_T1,LANDSAT_8,OLI_TIRS,2019-04-07,1,T1,2019-04-07T18:09:42.1219600Z,L1TP,38,37,3.17,34.23538,32.100809999999996,-115.31603999999999,-112.8237,1069538712,gs://gcp-public-data-landsat/LC08/01/038/037/LC08_L1TP_038037_20190407_20190422_01_T1
201988,LC80380362019097LGN00,LC08_L1TP_038036_20190407_20190422_01_T1,LANDSAT_8,OLI_TIRS,2019-04-07,1,T1,2019-04-07T18:09:18.2393930Z,L1TP,38,36,2.49,35.70261,33.49842,-115.01414,-112.38852,1043939883,gs://gcp-public-data-landsat/LC08/01/038/036/LC08_L1TP_038036_20190407_20190422_01_T1
9626290,LC80370382019090LGN00,LC08_L1TP_037038_20190331_20190404_01_T1,LANDSAT_8,OLI_TIRS,2019-03-31,1,T1,2019-03-31T18:03:57.2372839Z,L1TP,37,38,0.09,32.81955,30.64865,-114.18578000000001,-111.6849,1022438178,gs://gcp-public-data-landsat/LC08/01/037/038/LC08_L1TP_037038_20190331_20190404_01_T1
8552795,LC80370372019090LGN00,LC08_L1TP_037037_20190331_20190404_01_T1,LANDSAT_8,OLI_TIRS,2019-03-31,1,T1,2019-03-31T18:03:33.3462449Z,L1TP,37,37,0.33,34.24988,32.0854,-113.81248000000001,-111.28197,1082793763,gs://gcp-public-data-landsat/LC08/01/037/037/LC08_L1TP_037037_20190331_20190404_01_T1
5501614,LC80370362019090LGN00,LC08_L1TP_037036_20190331_20190404_01_T1,LANDSAT_8,OLI_TIRS,2019-03-31,1,T1,2019-03-31T18:03:09.4594420Z,L1TP,37,36,0.96,35.67581,33.52404,-113.4312,-110.86628999999999,1048818816,gs://gcp-public-data-landsat/LC08/01/037/036/LC08_L1TP_037036_20190331_20190404_01_T1
10064140,LC80360372019083LGN00,LC08_L1TP_036037_20190324_20190403_01_T1,LANDSAT_8,OLI_TIRS,2019-03-24,1,T1,2019-03-24T17:57:24.1298300Z,L1TP,36,37,0.03,34.2224,32.1091,-112.23006000000001,-109.73195,1067324529,gs://gcp-public-data-landsat/LC08/01/036/037/LC08_L1TP_036037_20190324_20190403_01_T1
4863374,LC80360362019083LGN00,LC08_L1TP_036036_20190324_20190403_01_T1,LANDSAT_8,OLI_TIRS,2019-03-24,1,T1,2019-03-24T17:57:00.2345550Z,L1TP,36,36,0.72,35.65938,33.54112,-111.84738,-109.3055,1040482040,gs://gcp-public-data-landsat/LC08/01/036/036/LC08_L1TP_036036_20190324_20190403_01_T1
8821163,LC80380372019081LGN00,LC08_L1TP_038037_20190322_20190403_01_T1,LANDSAT_8,OLI_TIRS,2019-03-22,1,T1,2019-03-22T18:09:46.1488969Z,L1TP,38,37,0.15,34.23515,32.1003,-115.30013999999998,-112.80747,1064249398,gs://gcp-public-data-landsat/LC08/01/038/037/LC08_L1TP_038037_20190322_20190403_01_T1
3902657,LC80380362019081LGN00,LC08_L1TP_038036_20190322_20190403_01_T1,LANDSAT_8,OLI_TIRS,2019-03-22,1,T1,2019-03-22T18:09:22.2620940Z,L1TP,38,36,1.91,35.70277,33.49883,-115.00092,-112.37558999999999,1064462366,gs://gcp-public-data-landsat/LC08/01/038/036/LC08_L1TP_038036_20190322_20190403_01_T1
2823909,LC80370362019074LGN00,LC08_L1TP_037036_20190315_20190325_01_T1,LANDSAT_8,OLI_TIRS,2019-03-15,1,T1,2019-03-15T18:03:12.4192640Z,L1TP,37,36,1.46,35.67579,33.52435,-113.41463999999999,-110.84971999999999,1064210180,gs://gcp-public-data-landsat/LC08/01/037/036/LC08_L1TP_037036_20190315_20190325_01_T1
6055040,LC80360362019051LGN00,LC08_L1TP_036036_20190220_20190308_01_T1,LANDSAT_8,OLI_TIRS,2019-02-20,1,T1,2019-02-20T17:57:09.3180300Z,L1TP,36,36,2.12,35.65945,33.54099,-111.83743,-109.29556000000001,1131285484,gs://gcp-public-data-landsat/LC08/01/036/036/LC08_L1TP_036036_20190220_20190308_01_T1
6375314,LC80360372019051LGN00,LC08_L1TP_036037_20190220_20190308_01_T1,LANDSAT_8,OLI_TIRS,2019-02-20,1,T1,2019-02-20T17:57:33.2090690Z,L1TP,36,37,4.26,34.2225,32.108979999999995,-112.22028999999999,-109.71892,1072346036,gs://gcp-public-data-landsat/LC08/01/036/037/LC08_L1TP_036037_20190220_20190308_01_T1
7090518,LC80380372019049LGN00,LC08_L1TP_038037_20190218_20190222_01_T1,LANDSAT_8,OLI_TIRS,2019-02-18,1,T1,2019-02-18T18:09:55.3002950Z,L1TP,38,37,4.6,34.23502,32.099990000000005,-115.2906,-112.79773,1054755602,gs://gcp-public-data-landsat/LC08/01/038/037/LC08_L1TP_038037_20190218_20190222_01_T1
5689693,LC80370372019042LGN00,LC08_L1TP_037037_20190211_20190222_01_T1,LANDSAT_8,OLI_TIRS,2019-02-11,1,T1,2019-02-11T18:03:45.7551210Z,L1TP,37,37,0.01,34.247209999999995,32.085809999999995,-113.79288000000001,-111.26288999999998,1054928872,gs://gcp-public-data-landsat/LC08/01/037/037/LC08_L1TP_037037_20190211_20190222_01_T1
1640821,LC80370382019042LGN00,LC08_L1TP_037038_20190211_20190222_01_T1,LANDSAT_8,OLI_TIRS,2019-02-11,1,T1,2019-02-11T18:04:09.6503960Z,L1TP,37,38,0.05,32.81695,30.646390000000004,-114.1665,-111.66609,999035294,gs://gcp-public-data-landsat/LC08/01/037/038/LC08_L1TP_037038_20190211_20190222_01_T1
7175966,LC80370372019026LGN00,LC08_L1TP_037037_20190126_20190206_01_T1,LANDSAT_8,OLI_TIRS,2019-01-26,1,T1,2019-01-26T18:03:47.8723640Z,L1TP,37,37,0.02,34.24993,32.08595,-113.78646,-111.25971000000001,1040708474,gs://gcp-public-data-landsat/LC08/01/037/037/LC08_L1TP_037037_20190126_20190206_01_T1
1795601,LC80370362019026LGN00,LC08_L1TP_037036_20190126_20190206_01_T1,LANDSAT_8,OLI_TIRS,2019-01-26,1,T1,2019-01-26T18:03:23.9897970Z,L1TP,37,36,0.67,35.675779999999996,33.52454,-113.40471000000001,-110.83977,1025825838,gs://gcp-public-data-landsat/LC08/01/037/036/LC08_L1TP_037036_20190126_20190206_01_T1
6764674,LC80370382019026LGN00,LC08_L1TP_037038_20190126_20190206_01_T1,LANDSAT_8,OLI_TIRS,2019-01-26,1,T1,2019-01-26T18:04:11.7676390Z,L1TP,37,38,0.08,32.81697,30.64654,-114.1601,-111.66296000000001,981443717,gs://gcp-public-data-landsat/LC08/01/037/038/LC08_L1TP_037038_20190126_20190206_01_T1
2708196,LC80360372019003LGN00,LC08_L1TP_036037_20190103_20190130_01_T1,LANDSAT_8,OLI_TIRS,2019-01-03,1,T1,2019-01-03T17:57:42.0028940Z,L1TP,36,37,3.98,34.2225,32.108979999999995,-112.22028999999999,-109.71892,1098291998,gs://gcp-public-data-landsat/LC08/01/036/037/LC08_L1TP_036037_20190103_20190130_01_T1
8070524,LC80360362019003LGN00,LC08_L1TP_036036_20190103_20190130_01_T1,LANDSAT_8,OLI_TIRS,2019-01-03,1,T1,2019-01-03T17:57:18.1160910Z,L1TP,36,36,0.16,35.65947,33.54099,-111.83412,-109.29556000000001,1123623871,gs://gcp-public-data-landsat/LC08/01/036/036/LC08_L1TP_036036_20190103_20190130_01_T1
6408812,LC80380372019001LGN00,LC08_L1TP_038037_20190101_20190130_01_T1,LANDSAT_8,OLI_TIRS,2019-01-01,1,T1,2019-01-01T18:10:03.8321730Z,L1TP,38,37,0.08,34.23506,32.10009,-115.29378,-112.80096999999999,1005220657,gs://gcp-public-data-landsat/LC08/01/038/037/LC08_L1TP_038037_20190101_20190130_01_T1
5350094,LC80360372018352LGN00,LC08_L1TP_036037_20181218_20181227_01_T1,LANDSAT_8,OLI_TIRS,2018-12-18,1,T1,2018-12-18T17:57:42.2843670Z,L1TP,36,37,0.09,34.22253,32.108979999999995,-112.21704,-109.71892,1021967147,gs://gcp-public-data-landsat/LC08/01/036/037/LC08_L1TP_036037_20181218_20181227_01_T1
9076995,LC80360362018352LGN00,LC08_L1TP_036036_20181218_20181227_01_T1,LANDSAT_8,OLI_TIRS,2018-12-18,1,T1,2018-12-18T17:57:18.3933280Z,L1TP,36,36,1.02,35.65947,33.54094,-111.83412,-109.29225,979859615,gs://gcp-public-data-landsat/LC08/01/036/036/LC08_L1TP_036036_20181218_20181227_01_T1
9215223,LC80380362018350LGN00,LC08_L1TP_038036_20181216_20181227_01_T1,LANDSAT_8,OLI_TIRS,2018-12-16,1,T1,2018-12-16T18:09:39.8706419Z,L1TP,38,36,3.1,35.70292,33.49924,-114.9877,-112.36267,1011005415,gs://gcp-public-data-landsat/LC08/01/038/036/LC08_L1TP_038036_20181216_20181227_01_T1
8158424,LC80370362018343LGN00,LC08_L1TP_037036_20181209_20181226_01_T1,LANDSAT_8,OLI_TIRS,2018-12-09,1,T1,2018-12-09T18:03:29.8782970Z,L1TP,37,36,0.32,35.675779999999996,33.52435,-113.41463999999999,-110.8464,1008042982,gs://gcp-public-data-landsat/LC08/01/037/036/LC08_L1TP_037036_20181209_20181226_01_T1
6482226,LC80370382018343LGN00,LC08_L1TP_037038_20181209_20181226_01_T1,LANDSAT_8,OLI_TIRS,2018-12-09,1,T1,2018-12-09T18:04:17.6603750Z,L1TP,37,38,0.04,32.81964,30.646320000000003,-114.16978999999999,-111.66922,959886823,gs://gcp-public-data-landsat/LC08/01/037/038/LC08_L1TP_037038_20181209_20181226_01_T1
8366965,LC80370372018343LGN00,LC08_L1TP_037037_20181209_20181226_01_T1,LANDSAT_8,OLI_TIRS,2018-12-09,1,T1,2018-12-09T18:03:53.7693360Z,L1TP,37,37,0.01,34.24991,32.08574,-113.79621999999999,-111.26607,1023234387,gs://gcp-public-data-landsat/LC08/01/037/037/LC08_L1TP_037037_20181209_20181226_01_T1
9482391,LC80380372018334LGN00,LC08_L1TP_038037_20181130_20181211_01_T1,LANDSAT_8,OLI_TIRS,2018-11-30,1,T1,2018-11-30T18:10:06.5218210Z,L1TP,38,37,1.59,34.2352,32.1004,-115.30332,-112.81071000000001,1014350955,gs://gcp-public-data-landsat/LC08/01/038/037/LC08_L1TP_038037_20181130_20181211_01_T1
590266,LC80370362018327LGN00,LC08_L1TP_037036_20181123_20181210_01_T1,LANDSAT_8,OLI_TIRS,2018-11-23,1,T1,2018-11-23T18:03:32.7110320Z,L1TP,37,36,0.16,35.6758,33.52411,-113.42788999999999,-110.86298000000001,995088759,gs://gcp-public-data-landsat/LC08/01/037/036/LC08_L1TP_037036_20181123_20181210_01_T1
5863461,LC80370362018327LGN00,LC08_L1TP_037036_20181123_20181123_01_T1,LANDSAT_8,OLI_TIRS,2018-11-23,1,T1,2018-11-23T18:03:32.7110320Z,L1TP,37,36,0.16,35.6758,33.52411,-113.42788999999999,-110.86298000000001,995137785,gs://gcp-public-data-landsat/LC08/01/037/036/LC08_L1TP_037036_20181123_20181123_01_T1
1888774,LC80360362018320LGN00,LC08_L1TP_036036_20181116_20181129_01_T1,LANDSAT_8,OLI_TIRS,2018-11-16,1,T1,2018-11-16T17:57:22.1770170Z,L1TP,36,36,2.91,35.65933,33.5412,-111.854,-109.31212,989564753,gs://gcp-public-data-landsat/LC08/01/036/036/LC08_L1TP_036036_20181116_20181129_01_T1
10347019,LC80370382018311LGN00,LC08_L1TP_037038_20181107_20181116_01_T1,LANDSAT_8,OLI_TIRS,2018-11-07,1,T1,2018-11-07T18:04:20.3776519Z,L1TP,37,38,0.3,32.81953,30.645870000000002,-114.18898,-111.68801,996811329,gs://gcp-public-data-landsat/LC08/01/037/038/LC08_L1TP_037038_20181107_20181116_01_T1
8805701,LC80370372018311LGN00,LC08_L1TP_037037_20181107_20181116_01_T1,LANDSAT_8,OLI_TIRS,2018-11-07,1,T1,2018-11-07T18:03:56.4866130Z,L1TP,37,37,0.03,34.24987,32.08533,-113.81573999999999,-111.28515,1061238492,gs://gcp-public-data-landsat/LC08/01/037/037/LC08_L1TP_037037_20181107_20181116_01_T1
3546913,LC80370362018311LGN00,LC08_L1TP_037036_20181107_20181116_01_T1,LANDSAT_8,OLI_TIRS,2018-11-07,1,T1,2018-11-07T18:03:32.5955740Z,L1TP,37,36,0.0,35.678509999999996,33.52398,-113.43458999999999,-110.86628999999999,1013947079,gs://gcp-public-data-landsat/LC08/01/037/036/LC08_L1TP_037036_20181107_20181116_01_T1
3134321,LC80360372018304LGN00,LC08_L1TP_036037_20181031_20181115_01_T1,LANDSAT_8,OLI_TIRS,2018-10-31,1,T1,2018-10-31T17:57:44.6438260Z,L1TP,36,37,2.48,34.2223,32.1092,-112.23983,-109.74172,1059853391,gs://gcp-public-data-landsat/LC08/01/036/037/LC08_L1TP_036037_20181031_20181115_01_T1
7675094,LC80360362018304LGN00,LC08_L1TP_036036_20181031_20181115_01_T1,LANDSAT_8,OLI_TIRS,2018-10-31,1,T1,2018-10-31T17:57:20.7485510Z,L1TP,36,36,0.78,35.65931,33.54125,-111.85732,-109.31543,986824098,gs://gcp-public-data-landsat/LC08/01/036/036/LC08_L1TP_036036_20181031_20181115_01_T1
630495,LC80370382018279LGN00,LC08_L1TP_037038_20181006_20181010_01_T1,LANDSAT_8,OLI_TIRS,2018-10-06,1,T1,2018-10-06T18:04:11.4808160Z,L1TP,37,38,4.76,32.8196,30.64617,-114.17618999999999,-111.67549,1014080947,gs://gcp-public-data-landsat/LC08/01/037/038/LC08_L1TP_037038_20181006_20181010_01_T1
3807196,LC80360362018272LGN00,LC08_L1TP_036036_20180929_20181009_01_T1,LANDSAT_8,OLI_TIRS,2018-09-29,1,T1,2018-09-29T17:57:09.4882120Z,L1TP,36,36,0.1,35.65945,33.53828,-111.83743,-109.29556000000001,1027679670,gs://gcp-public-data-landsat/LC08/01/036/036/LC08_L1TP_036036_20180929_20181009_01_T1
7255184,LC80360372018272LGN00,LC08_L1TP_036037_20180929_20181009_01_T1,LANDSAT_8,OLI_TIRS,2018-09-29,1,T1,2018-09-29T17:57:33.3792510Z,L1TP,36,37,0.23,34.2225,32.108979999999995,-112.22028999999999,-109.71892,1083469346,gs://gcp-public-data-landsat/LC08/01/036/037/LC08_L1TP_036037_20180929_20181009_01_T1
4433021,LC80380362018270LGN00,LC08_L1TP_038036_20180927_20181009_01_T1,LANDSAT_8,OLI_TIRS,2018-09-27,1,T1,2018-09-27T18:09:30.0850370Z,L1TP,38,36,0.0,35.70292,33.49924,-114.9877,-112.36267,1061618470,gs://gcp-public-data-landsat/LC08/01/038/036/LC08_L1TP_038036_20180927_20181009_01_T1
3594333,LC80380372018270LGN00,LC08_L1TP_038037_20180927_20181009_01_T1,LANDSAT_8,OLI_TIRS,2018-09-27,1,T1,2018-09-27T18:09:53.9803120Z,L1TP,38,37,0.0,34.23502,32.099990000000005,-115.2906,-112.79773,1063782417,gs://gcp-public-data-landsat/LC08/01/038/037/LC08_L1TP_038037_20180927_20181009_01_T1
5532537,LC80370362018263LGN00,LC08_L1TP_037036_20180920_20180928_01_T1,LANDSAT_8,OLI_TIRS,2018-09-20,1,T1,2018-09-20T18:03:15.2485579Z,L1TP,37,36,0.61,35.67577,33.5246,-113.4014,-110.83646,1048221767,gs://gcp-public-data-landsat/LC08/01/037/036/LC08_L1TP_037036_20180920_20180928_01_T1
848126,LC80370372018263LGN00,LC08_L1TP_037037_20180920_20180928_01_T1,LANDSAT_8,OLI_TIRS,2018-09-20,1,T1,2018-09-20T18:03:39.1438330Z,L1TP,37,37,0.56,34.24723,32.08595,-113.78636999999999,-111.25653,1084723542,gs://gcp-public-data-landsat/LC08/01/037/037/LC08_L1TP_037037_20180920_20180928_01_T1
1325657,LC80370382018263LGN00,LC08_L1TP_037038_20180920_20180928_01_T1,LANDSAT_8,OLI_TIRS,2018-09-20,1,T1,2018-09-20T18:04:03.0306360Z,L1TP,37,38,1.69,32.81969,30.64654,-114.1602,-111.65983,1022782958,gs://gcp-public-data-landsat/LC08/01/037/038/LC08_L1TP_037038_20180920_20180928_01_T1
3562596,LC80360362018256LGN00,LC08_L1TP_036036_20180913_20180928_01_T1,LANDSAT_8,OLI_TIRS,2018-09-13,1,T1,2018-09-13T17:57:02.9661210Z,L1TP,36,36,0.1,35.65951,33.5409,-111.82749,-109.28893000000001,1043420885,gs://gcp-public-data-landsat/LC08/01/036/036/LC08_L1TP_036036_20180913_20180928_01_T1
262657,LC80360372018256LGN00,LC08_L1TP_036037_20180913_20180928_01_T1,LANDSAT_8,OLI_TIRS,2018-09-13,1,T1,2018-09-13T17:57:26.8571590Z,L1TP,36,37,0.82,34.222559999999994,32.10892,-112.21378,-109.71241,1089299503,gs://gcp-public-data-landsat/LC08/01/036/037/LC08_L1TP_036037_20180913_20180928_01_T1
3143025,LC80380362018254LGN00,LC08_L1TP_038036_20180911_20180927_01_T1,LANDSAT_8,OLI_TIRS,2018-09-11,1,T1,2018-09-11T18:09:24.1138070Z,L1TP,38,36,0.0,35.703,33.499340000000004,-114.98438999999999,-112.35621,1065451733,gs://gcp-public-data-landsat/LC08/01/038/036/LC08_L1TP_038036_20180911_20180927_01_T1
5097353,LC80380372018254LGN00,LC08_L1TP_038037_20180911_20180927_01_T1,LANDSAT_8,OLI_TIRS,2018-09-11,1,T1,2018-09-11T18:09:48.0090820Z,L1TP,38,37,0.0,34.234970000000004,32.099779999999996,-115.28742,-112.79123999999999,1072292236,gs://gcp-public-data-landsat/LC08/01/038/037/LC08_L1TP_038037_20180911_20180927_01_T1
4775423,LC80370382018247LGN00,LC08_L1TP_037038_20180904_20180912_01_T1,LANDSAT_8,OLI_TIRS,2018-09-04,1,T1,2018-09-04T18:03:59.0122809Z,L1TP,37,38,1.93,32.81966,30.646390000000004,-114.16658999999999,-111.66609,1035071756,gs://gcp-public-data-landsat/LC08/01/037/038/LC08_L1TP_037038_20180904_20180912_01_T1
8168386,LC80370372018247LGN00,LC08_L1TP_037037_20180904_20180912_01_T1,LANDSAT_8,OLI_TIRS,2018-09-04,1,T1,2018-09-04T18:03:35.1170059Z,L1TP,37,37,4.64,34.24993,32.085879999999996,-113.78971000000001,-111.25971000000001,1106044451,gs://gcp-public-data-landsat/LC08/01/037/037/LC08_L1TP_037037_20180904_20180912_01_T1
9777528,LC80360372018240LGN00,LC08_L1TP_036037_20180828_20180911_01_T1,LANDSAT_8,OLI_TIRS,2018-08-28,1,T1,2018-08-28T17:57:21.8686130Z,L1TP,36,37,0.04,34.22524,32.10895,-112.21708000000001,-109.71562,1084531698,gs://gcp-public-data-landsat/LC08/01/036/037/LC08_L1TP_036037_20180828_20180911_01_T1
915840,LC80360362018240LGN00,LC08_L1TP_036036_20180828_20180911_01_T1,LANDSAT_8,OLI_TIRS,2018-08-28,1,T1,2018-08-28T17:56:57.9775740Z,L1TP,36,36,0.0,35.659490000000005,33.5409,-111.83081000000001,-109.28893000000001,1040177549,gs://gcp-public-data-landsat/LC08/01/036/036/LC08_L1TP_036036_20180828_20180911_01_T1
7720873,LC80380372018238LGN00,LC08_L1TP_038037_20180826_20180830_01_T1,LANDSAT_8,OLI_TIRS,2018-08-26,1,T1,2018-08-26T18:09:42.7325360Z,L1TP,38,37,0.02,34.234970000000004,32.09989,-115.28742,-112.79448000000001,1067710427,gs://gcp-public-data-landsat/LC08/01/038/037/LC08_L1TP_038037_20180826_20180830_01_T1
352246,LC80370382018231LGN01,LC08_L1TP_037038_20180819_20180829_01_T1,LANDSAT_8,OLI_TIRS,2018-08-19,1,T1,2018-08-19T18:03:52.6853629Z,L1TP,37,38,0.36,32.81966,30.646390000000004,-114.16658999999999,-111.66609,1027628735,gs://gcp-public-data-landsat/LC08/01/037/038/LC08_L1TP_037038_20180819_20180829_01_T1
1504506,LC80370362018231LGN01,LC08_L1TP_037036_20180819_20180829_01_T1,LANDSAT_8,OLI_TIRS,2018-08-19,1,T1,2018-08-19T18:03:04.8990490Z,L1TP,37,36,1.23,35.675779999999996,33.52448,-113.40802,-110.84308999999999,1054695387,gs://gcp-public-data-landsat/LC08/01/037/036/LC08_L1TP_037036_20180819_20180829_01_T1
6326638,LC80370372018231LGN01,LC08_L1TP_037037_20180819_20180829_01_T1,LANDSAT_8,OLI_TIRS,2018-08-19,1,T1,2018-08-19T18:03:28.7858520Z,L1TP,37,37,0.0,34.24993,32.085879999999996,-113.78971000000001,-111.25971000000001,1096621298,gs://gcp-public-data-landsat/LC08/01/037/037/LC08_L1TP_037037_20180819_20180829_01_T1
5141677,LC80360362018224LGN00,LC08_L1TP_036036_20180812_20180828_01_T1,LANDSAT_8,OLI_TIRS,2018-08-12,1,T1,2018-08-12T17:56:50.5672190Z,L1TP,36,36,2.93,35.65951,33.53819,-111.82749,-109.28893000000001,1047353714,gs://gcp-public-data-landsat/LC08/01/036/036/LC08_L1TP_036036_20180812_20180828_01_T1
2943443,LC80360372018224LGN00,LC08_L1TP_036037_20180812_20180828_01_T1,LANDSAT_8,OLI_TIRS,2018-08-12,1,T1,2018-08-12T17:57:14.4582580Z,L1TP,36,37,0.7,34.222559999999994,32.10892,-112.21378,-109.71241,1073728741,gs://gcp-public-data-landsat/LC08/01/036/037/LC08_L1TP_036037_20180812_20180828_01_T1
8175206,LC80380362018222LGN00,LC08_L1TP_038036_20180810_20180815_01_T1,LANDSAT_8,OLI_TIRS,2018-08-10,1,T1,2018-08-10T18:09:11.1178070Z,L1TP,38,36,3.94,35.703,33.49944,-114.98109,-112.35621,1016092279,gs://gcp-public-data-landsat/LC08/01/038/036/LC08_L1TP_038036_20180810_20180815_01_T1
6280762,LC80370382018215LGN00,LC08_L1TP_037038_20180803_20180814_01_T1,LANDSAT_8,OLI_TIRS,2018-08-03,1,T1,2018-08-03T18:03:44.0091519Z,L1TP,37,38,0.0,32.81969,30.64654,-114.1602,-111.65983,1029659845,gs://gcp-public-data-landsat/LC08/01/037/038/LC08_L1TP_037038_20180803_20180814_01_T1
1640491,LC80370372018215LGN00,LC08_L1TP_037037_20180803_20180814_01_T1,LANDSAT_8,OLI_TIRS,2018-08-03,1,T1,2018-08-03T18:03:20.1223490Z,L1TP,37,37,0.0,34.24723,32.08595,-113.78636999999999,-111.25653,1094494376,gs://gcp-public-data-landsat/LC08/01/037/037/LC08_L1TP_037037_20180803_20180814_01_T1
1864541,LC80360362018208LGN00,LC08_L1TP_036036_20180727_20180731_01_T1,LANDSAT_8,OLI_TIRS,2018-07-27,1,T1,2018-07-27T17:56:40.9507080Z,L1TP,36,36,1.1,35.65956,33.54077,-111.82086000000001,-109.279,1031554372,gs://gcp-public-data-landsat/LC08/01/036/036/LC08_L1TP_036036_20180727_20180731_01_T1
10451838,LC80380372018206LGN00,LC08_L1TP_038037_20180725_20180731_01_T1,LANDSAT_8,OLI_TIRS,2018-07-25,1,T1,2018-07-25T18:09:25.4939090Z,L1TP,38,37,0.27,34.23483,32.099579999999996,-115.27788000000001,-112.78473999999999,1063319409,gs://gcp-public-data-landsat/LC08/01/038/037/LC08_L1TP_038037_20180725_20180731_01_T1
10378664,LC80370382018199LGN00,LC08_L1TP_037038_20180718_20180731_01_T1,LANDSAT_8,OLI_TIRS,2018-07-18,1,T1,2018-07-18T18:03:36.0741520Z,L1TP,37,38,4.21,32.81969,30.64654,-114.1602,-111.65983,1054508650,gs://gcp-public-data-landsat/LC08/01/037/038/LC08_L1TP_037038_20180718_20180731_01_T1
3137190,LC80370362018183LGN00,LC08_L1TP_037036_20180702_20180717_01_T1,LANDSAT_8,OLI_TIRS,2018-07-02,1,T1,2018-07-02T18:02:40.9429880Z,L1TP,37,36,0.78,35.67848,33.52448,-113.4081,-110.84308,1082693033,gs://gcp-public-data-landsat/LC08/01/037/036/LC08_L1TP_037036_20180702_20180717_01_T1
5239567,LC80370372018183LGN00,LC08_L1TP_037037_20180702_20180717_01_T1,LANDSAT_8,OLI_TIRS,2018-07-02,1,T1,2018-07-02T18:03:04.8382630Z,L1TP,37,37,0.0,34.24993,32.085809999999995,-113.79296000000001,-111.25971000000001,1107752690,gs://gcp-public-data-landsat/LC08/01/037/037/LC08_L1TP_037037_20180702_20180717_01_T1
8051552,LC80370382018183LGN00,LC08_L1TP_037038_20180702_20180717_01_T1,LANDSAT_8,OLI_TIRS,2018-07-02,1,T1,2018-07-02T18:03:28.7293019Z,L1TP,37,38,0.0,32.81966,30.646390000000004,-114.16658999999999,-111.66609,1032786139,gs://gcp-public-data-landsat/LC08/01/037/038/LC08_L1TP_037038_20180702_20180717_01_T1
398700,LC80360362018176LGN00,LC08_L1TP_036036_20180625_20180704_01_T1,LANDSAT_8,OLI_TIRS,2018-06-25,1,T1,2018-06-25T17:56:26.2006329Z,L1TP,36,36,0.0,35.659490000000005,33.5409,-111.83081000000001,-109.28893000000001,1060937940,gs://gcp-public-data-landsat/LC08/01/036/036/LC08_L1TP_036036_20180625_20180704_01_T1
10136899,LC80360372018176LGN00,LC08_L1TP_036037_20180625_20180704_01_T1,LANDSAT_8,OLI_TIRS,2018-06-25,1,T1,2018-06-25T17:56:50.0959079Z,L1TP,36,37,0.0,34.22527,32.10895,-112.21382,-109.71562,1090784727,gs://gcp-public-data-landsat/LC08/01/036/037/LC08_L1TP_036037_20180625_20180704_01_T1
5781325,LC80380362018174LGN00,LC08_L1TP_038036_20180623_20180704_01_T1,LANDSAT_8,OLI_TIRS,2018-06-23,1,T1,2018-06-23T18:08:46.6329169Z,L1TP,38,36,0.0,35.70296,33.499340000000004,-114.98438999999999,-112.35943999999999,1072383009,gs://gcp-public-data-landsat/LC08/01/038/036/LC08_L1TP_038036_20180623_20180704_01_T1
1524609,LC80380372018174LGN00,LC08_L1TP_038037_20180623_20180704_01_T1,LANDSAT_8,OLI_TIRS,2018-06-23,1,T1,2018-06-23T18:09:10.5239559Z,L1TP,38,37,0.0,34.234970000000004,32.09989,-115.28742,-112.79448000000001,1063040323,gs://gcp-public-data-landsat/LC08/01/038/037/LC08_L1TP_038037_20180623_20180704_01_T1
9177000,LC80360372018160LGN00,LC08_L1TP_036037_20180609_20180615_01_T1,LANDSAT_8,OLI_TIRS,2018-06-09,1,T1,2018-06-09T17:56:39.3170069Z,L1TP,36,37,4.88,34.22263,32.10889,-112.20727,-109.70915,1088073817,gs://gcp-public-data-landsat/LC08/01/036/037/LC08_L1TP_036037_20180609_20180615_01_T1
1922152,LC80380372018158LGN00,LC08_L1TP_038037_20180607_20180615_01_T1,LANDSAT_8,OLI_TIRS,2018-06-07,1,T1,2018-06-07T18:08:59.4530170Z,L1TP,38,37,0.0,34.23488,32.099579999999996,-115.28106000000001,-112.78473999999999,1082194941,gs://gcp-public-data-landsat/LC08/01/038/037/LC08_L1TP_038037_20180607_20180615_01_T1
9636862,LC80380362018158LGN00,LC08_L1TP_038036_20180607_20180615_01_T1,LANDSAT_8,OLI_TIRS,2018-06-07,1,T1,2018-06-07T18:08:35.5619789Z,L1TP,38,36,0.0,35.70308,33.49954,-114.97778000000001,-112.34975,1075930964,gs://gcp-public-data-landsat/LC08/01/038/036/LC08_L1TP_038036_20180607_20180615_01_T1
635877,LC80370362018151LGN00,LC08_L1TP_037036_20180531_20180614_01_T1,LANDSAT_8,OLI_TIRS,2018-05-31,1,T1,2018-05-31T18:02:24.1804310Z,L1TP,37,36,0.01,35.678490000000004,33.52435,-113.41471999999999,-110.84971000000002,1081842910,gs://gcp-public-data-landsat/LC08/01/037/036/LC08_L1TP_037036_20180531_20180614_01_T1
2222178,LC80370372018151LGN00,LC08_L1TP_037037_20180531_20180614_01_T1,LANDSAT_8,OLI_TIRS,2018-05-31,1,T1,2018-05-31T18:02:48.0714700Z,L1TP,37,37,0.01,34.24991,32.08567,-113.79947,-111.26607,1106847738,gs://gcp-public-data-landsat/LC08/01/037/037/LC08_L1TP_037037_20180531_20180614_01_T1
8622801,LC80370382018151LGN00,LC08_L1TP_037038_20180531_20180614_01_T1,LANDSAT_8,OLI_TIRS,2018-05-31,1,T1,2018-05-31T18:03:11.9709810Z,L1TP,37,38,0.17,32.81962,30.646240000000002,-114.17298999999998,-111.67235,1038625050,gs://gcp-public-data-landsat/LC08/01/037/038/LC08_L1TP_037038_20180531_20180614_01_T1
65838,LC80360362018144LGN00,LC08_L1TP_036036_20180524_20180605_01_T1,LANDSAT_8,OLI_TIRS,2018-05-24,1,T1,2018-05-24T17:56:19.4451070Z,L1TP,36,36,0.0,35.65919,33.5415,-111.87388999999999,-109.33531,1064393389,gs://gcp-public-data-landsat/LC08/01/036/036/LC08_L1TP_036036_20180524_20180605_01_T1
4885833,LC80360372018144LGN00,LC08_L1TP_036037_20180524_20180605_01_T1,LANDSAT_8,OLI_TIRS,2018-05-24,1,T1,2018-05-24T17:56:43.3319100Z,L1TP,36,37,0.0,34.22228,32.10922,-112.25611,-109.758,1096626619,gs://gcp-public-data-landsat/LC08/01/036/037/LC08_L1TP_036037_20180524_20180605_01_T1
2092698,LC80380372018142LGN00,LC08_L1TP_038037_20180522_20180605_01_T1,LANDSAT_8,OLI_TIRS,2018-05-22,1,T1,2018-05-22T18:09:06.6110899Z,L1TP,38,37,0.0,34.232859999999995,32.10122,-115.32876,-112.83681999999999,1071820705,gs://gcp-public-data-landsat/LC08/01/038/037/LC08_L1TP_038037_20180522_20180605_01_T1
5283013,LC80370382018135LGN00,LC08_L1TP_037038_20180515_20180604_01_T1,LANDSAT_8,OLI_TIRS,2018-05-15,1,T1,2018-05-15T18:03:25.1322050Z,L1TP,37,38,0.0,32.81942,30.648120000000002,-114.20817,-111.70682,1025619524,gs://gcp-public-data-landsat/LC08/01/037/038/LC08_L1TP_037038_20180515_20180604_01_T1
1223019,LC80370362018135LGN00,LC08_L1TP_037036_20180515_20180604_01_T1,LANDSAT_8,OLI_TIRS,2018-05-15,1,T1,2018-05-15T18:02:37.3543630Z,L1TP,37,36,0.01,35.67853,33.52361,-113.45446000000001,-110.88618000000001,1083145595,gs://gcp-public-data-landsat/LC08/01/037/036/LC08_L1TP_037036_20180515_20180604_01_T1
10461646,LC80370372018135LGN00,LC08_L1TP_037037_20180515_20180604_01_T1,LANDSAT_8,OLI_TIRS,2018-05-15,1,T1,2018-05-15T18:03:01.2411660Z,L1TP,37,37,0.0,34.24982,32.08491,-113.83525,-111.30423,1100691906,gs://gcp-public-data-landsat/LC08/01/037/037/LC08_L1TP_037037_20180515_20180604_01_T1
261108,LC80360362018128LGN00,LC08_L1TP_036036_20180508_20180517_01_T1,LANDSAT_8,OLI_TIRS,2018-05-08,1,T1,2018-05-08T17:56:31.3952290Z,L1TP,36,36,0.0,35.65919,33.5415,-111.87388999999999,-109.33531,1062119520,gs://gcp-public-data-landsat/LC08/01/036/036/LC08_L1TP_036036_20180508_20180517_01_T1
8716982,LC80360372018128LGN00,LC08_L1TP_036037_20180508_20180517_01_T1,LANDSAT_8,OLI_TIRS,2018-05-08,1,T1,2018-05-08T17:56:55.2820320Z,L1TP,36,37,0.0,34.22228,32.10922,-112.25611,-109.758,1096313180,gs://gcp-public-data-landsat/LC08/01/036/037/LC08_L1TP_036037_20180508_20180517_01_T1
4635502,LC80370362018119LGN00,LC08_L1TP_037036_20180429_20180502_01_T1,LANDSAT_8,OLI_TIRS,2018-04-29,1,T1,2018-04-29T18:02:47.6604210Z,L1TP,37,36,1.52,35.67582,33.52373,-113.44775,-110.87955,1072382964,gs://gcp-public-data-landsat/LC08/01/037/036/LC08_L1TP_037036_20180429_20180502_01_T1
9043478,LC80370382018119LGN00,LC08_L1TP_037038_20180429_20180502_01_T1,LANDSAT_8,OLI_TIRS,2018-04-29,1,T1,2018-04-29T18:03:35.4382620Z,L1TP,37,38,1.91,32.81946,30.64835,-114.19858,-111.70056000000001,1017351216,gs://gcp-public-data-landsat/LC08/01/037/038/LC08_L1TP_037038_20180429_20180502_01_T1
3729160,LC80360372018112LGN00,LC08_L1TP_036037_20180422_20180502_01_T1,LANDSAT_8,OLI_TIRS,2018-04-22,1,T1,2018-04-22T17:57:04.3723480Z,L1TP,36,37,4.41,34.22224,32.10926,-112.24633999999999,-109.74823,1108467551,gs://gcp-public-data-landsat/LC08/01/036/037/LC08_L1TP_036037_20180422_20180502_01_T1
3703313,LC80380372018110LGN00,LC08_L1TP_038037_20180420_20180502_01_T1,LANDSAT_8,OLI_TIRS,2018-04-20,1,T1,2018-04-20T18:09:26.9694760Z,L1TP,38,37,0.03,34.23268,32.100809999999996,-115.31603999999999,-112.82383,1069899313,gs://gcp-public-data-landsat/LC08/01/038/037/LC08_L1TP_038037_20180420_20180502_01_T1
5405908,LC80370362018103LGN00,LC08_L1TP_037036_20180413_20180417_01_T1,LANDSAT_8,OLI_TIRS,2018-04-13,1,T1,2018-04-13T18:02:56.6614980Z,L1TP,37,36,0.13,35.67852,33.523920000000004,-113.4379,-110.8696,1080276477,gs://gcp-public-data-landsat/LC08/01/037/036/LC08_L1TP_037036_20180413_20180417_01_T1
4251880,LC80370382018103LGN00,LC08_L1TP_037038_20180413_20180417_01_T1,LANDSAT_8,OLI_TIRS,2018-04-13,1,T1,2018-04-13T18:03:44.4393400Z,L1TP,37,38,0.14,32.81951,30.64857,-114.18898,-111.69116000000001,1026867868,gs://gcp-public-data-landsat/LC08/01/037/038/LC08_L1TP_037038_20180413_20180417_01_T1
5582046,LC80370372018103LGN00,LC08_L1TP_037037_20180413_20180417_01_T1,LANDSAT_8,OLI_TIRS,2018-04-13,1,T1,2018-04-13T18:03:20.5525370Z,L1TP,37,37,0.01,34.24986,32.08526,-113.81898999999999,-111.28833,1097514860,gs://gcp-public-data-landsat/LC08/01/037/037/LC08_L1TP_037037_20180413_20180417_01_T1
7320400,LC80370362018087LGN00,LC08_L1TP_037036_20180328_20180405_01_T1,LANDSAT_8,OLI_TIRS,2018-03-28,1,T1,2018-03-28T18:03:05.3242739Z,L1TP,37,36,0.55,35.6758,33.52411,-113.42788999999999,-110.86298000000001,1059026029,gs://gcp-public-data-landsat/LC08/01/037/036/LC08_L1TP_037036_20180328_20180405_01_T1
4275788,LC80370382018087LGN00,LC08_L1TP_037038_20180328_20180405_01_T1,LANDSAT_8,OLI_TIRS,2018-03-28,1,T1,2018-03-28T18:03:53.0978800Z,L1TP,37,38,0.11,32.81955,30.64872,-114.18258999999999,-111.6849,1003121870,gs://gcp-public-data-landsat/LC08/01/037/038/LC08_L1TP_037038_20180328_20180405_01_T1
3268785,LC80370372018087LGN00,LC08_L1TP_037037_20180328_20180405_01_T1,LANDSAT_8,OLI_TIRS,2018-03-28,1,T1,2018-03-28T18:03:29.2110770Z,L1TP,37,37,0.01,34.24988,32.08547,-113.80923,-111.28197,1087900741,gs://gcp-public-data-landsat/LC08/01/037/037/LC08_L1TP_037037_20180328_20180405_01_T1
6899183,LC80380362018078LGN00,LC08_L1TP_038036_20180319_20180403_01_T1,LANDSAT_8,OLI_TIRS,2018-03-19,1,T1,2018-03-19T18:09:19.8363540Z,L1TP,38,36,0.0,35.70277,33.49883,-115.00092,-112.37558999999999,1059113099,gs://gcp-public-data-landsat/LC08/01/038/036/LC08_L1TP_038036_20180319_20180403_01_T1
1223595,LC80360372018064LGN00,LC08_L1TP_036037_20180305_20180319_01_T1,LANDSAT_8,OLI_TIRS,2018-03-05,1,T1,2018-03-05T17:57:29.5905910Z,L1TP,36,37,1.48,34.222429999999996,32.10907,-112.22681000000001,-109.72868999999999,1068651130,gs://gcp-public-data-landsat/LC08/01/036/037/LC08_L1TP_036037_20180305_20180319_01_T1
9545259,LC80380372018062LGN00,LC08_L1TP_038037_20180303_20180319_01_T1,LANDSAT_8,OLI_TIRS,2018-03-03,1,T1,2018-03-03T18:09:52.3616279Z,L1TP,38,37,0.58,34.23515,32.1003,-115.30013999999998,-112.80747,1047202231,gs://gcp-public-data-landsat/LC08/01/038/037/LC08_L1TP_038037_20180303_20180319_01_T1
9865956,LC80370362018055LGN00,LC08_L1TP_037036_20180224_20180308_01_T1,LANDSAT_8,OLI_TIRS,2018-02-24,1,T1,2018-02-24T18:03:21.2158440Z,L1TP,37,36,1.84,35.6758,33.524229999999996,-113.42126999999999,-110.85635,1117140783,gs://gcp-public-data-landsat/LC08/01/037/036/LC08_L1TP_037036_20180224_20180308_01_T1
7996887,LC80370372018055LGN00,LC08_L1TP_037037_20180224_20180308_01_T1,LANDSAT_8,OLI_TIRS,2018-02-24,1,T1,2018-02-24T18:03:45.1026460Z,L1TP,37,37,0.01,34.24719,32.0856,-113.80263000000001,-111.27243,1061467143,gs://gcp-public-data-landsat/LC08/01/037/037/LC08_L1TP_037037_20180224_20180308_01_T1
7580354,LC80370382018055LGN00,LC08_L1TP_037038_20180224_20180308_01_T1,LANDSAT_8,OLI_TIRS,2018-02-24,1,T1,2018-02-24T18:04:08.9936850Z,L1TP,37,38,0.16,32.8169,30.64617,-114.17608999999999,-111.67549,1001563700,gs://gcp-public-data-landsat/LC08/01/037/038/LC08_L1TP_037038_20180224_20180308_01_T1
516274,LC80370382018039LGN00,LC08_L1TP_037038_20180208_20180221_01_T1,LANDSAT_8,OLI_TIRS,2018-02-08,1,T1,2018-02-08T18:04:15.1661990Z,L1TP,37,38,0.39,32.81692,30.646240000000002,-114.17289,-111.67235,980291680,gs://gcp-public-data-landsat/LC08/01/037/038/LC08_L1TP_037038_20180208_20180221_01_T1
8882183,LC80370372018039LGN00,LC08_L1TP_037037_20180208_20180221_01_T1,LANDSAT_8,OLI_TIRS,2018-02-08,1,T1,2018-02-08T18:03:51.2751610Z,L1TP,37,37,0.06,34.2472,32.08567,-113.79938,-111.26925,1051388312,gs://gcp-public-data-landsat/LC08/01/037/037/LC08_L1TP_037037_20180208_20180221_01_T1
3639558,LC80370362018039LGN00,LC08_L1TP_037036_20180208_20180221_01_T1,LANDSAT_8,OLI_TIRS,2018-02-08,1,T1,2018-02-08T18:03:27.3841220Z,L1TP,37,36,0.03,35.67579,33.52429,-113.41795,-110.85303,1028977890,gs://gcp-public-data-landsat/LC08/01/037/036/LC08_L1TP_037036_20180208_20180221_01_T1
5579591,LC80360362018032LGN00,LC08_L1TP_036036_20180201_20180220_01_T1,LANDSAT_8,OLI_TIRS,2018-02-01,1,T1,2018-02-01T17:57:18.3990130Z,L1TP,36,36,0.54,35.65945,33.54099,-111.83743,-109.29556000000001,993971352,gs://gcp-public-data-landsat/LC08/01/036/036/LC08_L1TP_036036_20180201_20180220_01_T1
3772807,LC80360372018032LGN00,LC08_L1TP_036037_20180201_20180220_01_T1,LANDSAT_8,OLI_TIRS,2018-02-01,1,T1,2018-02-01T17:57:42.2858160Z,L1TP,36,37,0.38,34.2225,32.108979999999995,-112.22028999999999,-109.71892,1024870669,gs://gcp-public-data-landsat/LC08/01/036/037/LC08_L1TP_036037_20180201_20180220_01_T1
1261255,LC80370382018023LGN00,LC08_L1TP_037038_20180123_20180206_01_T1,LANDSAT_8,OLI_TIRS,2018-01-23,1,T1,2018-01-23T18:04:22.9209460Z,L1TP,37,38,0.19,32.81957,30.64609,-114.17938999999998,-111.68175,977470109,gs://gcp-public-data-landsat/LC08/01/037/038/LC08_L1TP_037038_20180123_20180206_01_T1
7325100,LC80370372018023LGN00,LC08_L1TP_037037_20180123_20180206_01_T1,LANDSAT_8,OLI_TIRS,2018-01-23,1,T1,2018-01-23T18:03:59.0299070Z,L1TP,37,37,0.03,34.24988,32.08553,-113.80598,-111.27878999999999,1033905796,gs://gcp-public-data-landsat/LC08/01/037/037/LC08_L1TP_037037_20180123_20180206_01_T1
9180435,LC80370362018023LGN00,LC08_L1TP_037036_20180123_20180206_01_T1,LANDSAT_8,OLI_TIRS,2018-01-23,1,T1,2018-01-23T18:03:35.1388680Z,L1TP,37,36,1.32,35.6758,33.52417,-113.42458,-110.85966,1052654997,gs://gcp-public-data-landsat/LC08/01/037/036/LC08_L1TP_037036_20180123_20180206_01_T1
2863621,LC80360362018016LGN00,LC08_L1TP_036036_20180116_20180205_01_T1,LANDSAT_8,OLI_TIRS,2018-01-16,1,T1,2018-01-16T17:57:28.3314700Z,L1TP,36,36,4.48,35.65933,33.5412,-111.854,-109.31212,972353592,gs://gcp-public-data-landsat/LC08/01/036/036/LC08_L1TP_036036_20180116_20180205_01_T1
10060228,LC80360372018016LGN00,LC08_L1TP_036037_20180116_20180205_01_T1,LANDSAT_8,OLI_TIRS,2018-01-16,1,T1,2018-01-16T17:57:52.2267439Z,L1TP,36,37,1.53,34.22234,32.10917,-112.23658,-109.73846,1010768224,gs://gcp-public-data-landsat/LC08/01/036/037/LC08_L1TP_036037_20180116_20180205_01_T1
3122755,LC80380362018014LGN00,LC08_L1TP_038036_20180114_20180120_01_T1,LANDSAT_8,OLI_TIRS,2018-01-14,1,T1,2018-01-14T18:09:50.9974149Z,L1TP,38,36,1.41,35.70265,33.49852,-115.01083999999999,-112.38529,994512054,gs://gcp-public-data-landsat/LC08/01/038/036/LC08_L1TP_038036_20180114_20180120_01_T1
995422,LC80370362018007LGN00,LC08_L1TP_037036_20180107_20180119_01_T1,LANDSAT_8,OLI_TIRS,2018-01-07,1,T1,2018-01-07T18:03:43.4279400Z,L1TP,37,36,1.54,35.67581,33.52386,-113.44113,-110.87292,990197679,gs://gcp-public-data-landsat/LC08/01/037/036/LC08_L1TP_037036_20180107_20180119_01_T1
